id,display_id,title,step_no,step_name,substep_name,difficulty,leetcode_url,tuf_article_url
"cpp-basics","Q-1211","Cpp Basics",1,"Learn the basics","Things to Know in C++/Java/Python or any language","Easy","","https://takeuforward.org/data-structure/what-are-arrays-strings"
"for-loops","Q-2867","For loops",1,"Learn the basics","Things to Know in C++/Java/Python or any language","Easy","","https://takeuforward.org/for-loop/understanding-for-loop/"
"functions-pass-by-reference-and-value","Q-2866","Functions (Pass by Reference and Value)",1,"Learn the basics","Things to Know in C++/Java/Python or any language","Easy","","https://takeuforward.org/data-structure/functions-pass-by-reference-and-value"
"if-elseif","Q-424","If ElseIf",1,"Learn the basics","Things to Know in C++/Java/Python or any language","Easy","","https://takeuforward.org/if-else/if-else-statements/"
"input-output","Q-425","Input Output",1,"Learn the basics","Things to Know in C++/Java/Python or any language","Easy","","https://takeuforward.org/c/c-basic-input-output/"
"switch-case","Q-429","Switch Case",1,"Learn the basics","Things to Know in C++/Java/Python or any language","Easy","","https://takeuforward.org/switch-case/switch-case-statements/"
"theory-with-examples","Q-1219","Theory with examples",1,"Learn the basics","Things to Know in C++/Java/Python or any language","Easy","","https://takeuforward.org/time-complexity/time-and-space-complexity-strivers-a2z-dsa-course/"
"two-sum","Q-37","Two Sum",1,"Learn the basics","Overview","Medium","","https://takeuforward.org/data-structure/two-sum-check-if-a-pair-with-given-sum-exists-in-array/"
"what-are-arrays-strings","Q-2869","What are arrays, strings?",1,"Learn the basics","Things to Know in C++/Java/Python or any language","Easy","","https://takeuforward.org/data-structure/what-are-arrays-strings"
"while-loops","Q-2868","While loops",1,"Learn the basics","Things to Know in C++/Java/Python or any language","Easy","","https://takeuforward.org/while-loop/while-loops-in-programming/"
"easy-and-medium","Q-1216","Easy and Medium",1,"Learn the basics","Build-up Logical Thinking","Easy","","https://takeuforward.org/strivers-a2z-dsa-course/must-do-pattern-problems-before-starting-dsa/"
"hard","Q-1205","Hard",1,"Learn the basics","Build-up Logical Thinking","Easy","","https://takeuforward.org/strivers-a2z-dsa-course/must-do-pattern-problems-before-starting-dsa/"
"pattern-1","Q-401","Pattern 1",1,"Learn the basics","Patterns","Easy","","https://takeuforward.org/strivers-a2z-dsa-course/must-do-pattern-problems-before-starting-dsa/"
"pattern-10","Q-402","Pattern 10",1,"Learn the basics","Patterns","Easy","","https://takeuforward.org/strivers-a2z-dsa-course/must-do-pattern-problems-before-starting-dsa/"
"pattern-11","Q-403","Pattern 11",1,"Learn the basics","Patterns","Easy","","https://takeuforward.org/strivers-a2z-dsa-course/must-do-pattern-problems-before-starting-dsa/"
"pattern-12","Q-404","Pattern 12",1,"Learn the basics","Patterns","Easy","","https://takeuforward.org/strivers-a2z-dsa-course/must-do-pattern-problems-before-starting-dsa/"
"pattern-13","Q-405","Pattern 13",1,"Learn the basics","Patterns","Easy","","https://takeuforward.org/strivers-a2z-dsa-course/must-do-pattern-problems-before-starting-dsa/"
"pattern-14","Q-406","Pattern 14",1,"Learn the basics","Patterns","Easy","","https://takeuforward.org/strivers-a2z-dsa-course/must-do-pattern-problems-before-starting-dsa/"
"pattern-15","Q-407","Pattern 15",1,"Learn the basics","Patterns","Easy","","https://takeuforward.org/strivers-a2z-dsa-course/must-do-pattern-problems-before-starting-dsa/"
"pattern-16","Q-408","Pattern 16",1,"Learn the basics","Patterns","Easy","","https://takeuforward.org/strivers-a2z-dsa-course/must-do-pattern-problems-before-starting-dsa/"
"pattern-17","Q-409","Pattern 17",1,"Learn the basics","Patterns","Easy","","https://takeuforward.org/strivers-a2z-dsa-course/must-do-pattern-problems-before-starting-dsa/"
"pattern-18","Q-410","Pattern 18",1,"Learn the basics","Patterns","Easy","","https://takeuforward.org/strivers-a2z-dsa-course/must-do-pattern-problems-before-starting-dsa/"
"pattern-19","Q-411","Pattern 19",1,"Learn the basics","Patterns","Easy","","https://takeuforward.org/strivers-a2z-dsa-course/must-do-pattern-problems-before-starting-dsa/"
"pattern-2","Q-412","Pattern 2",1,"Learn the basics","Patterns","Easy","","https://takeuforward.org/strivers-a2z-dsa-course/must-do-pattern-problems-before-starting-dsa/"
"pattern-20","Q-413","Pattern 20",1,"Learn the basics","Patterns","Medium","","https://takeuforward.org/strivers-a2z-dsa-course/must-do-pattern-problems-before-starting-dsa/"
"pattern-21","Q-414","Pattern 21",1,"Learn the basics","Patterns","Medium","","https://takeuforward.org/strivers-a2z-dsa-course/must-do-pattern-problems-before-starting-dsa/"
"pattern-22","Q-415","Pattern 22",1,"Learn the basics","Patterns","Medium","","https://takeuforward.org/strivers-a2z-dsa-course/must-do-pattern-problems-before-starting-dsa/"
"pattern-3","Q-416","Pattern 3",1,"Learn the basics","Patterns","Easy","","https://takeuforward.org/strivers-a2z-dsa-course/must-do-pattern-problems-before-starting-dsa/"
"pattern-4","Q-417","Pattern 4",1,"Learn the basics","Patterns","Easy","","https://takeuforward.org/strivers-a2z-dsa-course/must-do-pattern-problems-before-starting-dsa/"
"pattern-5","Q-418","Pattern 5",1,"Learn the basics","Patterns","Easy","","https://takeuforward.org/strivers-a2z-dsa-course/must-do-pattern-problems-before-starting-dsa/"
"pattern-6","Q-419","Pattern 6",1,"Learn the basics","Patterns","Easy","","https://takeuforward.org/strivers-a2z-dsa-course/must-do-pattern-problems-before-starting-dsa/"
"pattern-7","Q-420","Pattern 7",1,"Learn the basics","Patterns","Easy","","https://takeuforward.org/strivers-a2z-dsa-course/must-do-pattern-problems-before-starting-dsa/"
"pattern-8","Q-421","Pattern 8",1,"Learn the basics","Patterns","Easy","","https://takeuforward.org/strivers-a2z-dsa-course/must-do-pattern-problems-before-starting-dsa/"
"pattern-9","Q-422","Pattern 9",1,"Learn the basics","Patterns","Easy","","https://takeuforward.org/strivers-a2z-dsa-course/must-do-pattern-problems-before-starting-dsa/"
"java-collections","Q-1217","Java Collections",1,"Learn the basics","Learn STL/Java-Collections or similar thing in your language","Easy","","https://takeuforward.org/data-structure/java-collections"
"stl","Q-1218","STL",1,"Learn the basics","Learn STL/Java-Collections or similar thing in your language","Easy","","https://takeuforward.org/c/c-stl-tutorial-most-frequent-used-stl-containers/"
"check-for-prime-number","Q-365","Check for Prime Number",1,"Learn the basics","Know Basic Maths","Easy","","https://takeuforward.org/data-structure/check-if-a-number-is-prime-or-not/"
"check-if-the-number-is-armstrong","Q-366","Check if the Number is Armstrong",1,"Learn the basics","Know Basic Maths","Easy","https://leetcode.com/problems/armstrong-number/","https://takeuforward.org/maths/check-if-a-number-is-armstrong-number-or-not/"
"count-all-digits-of-a-number","Q-367","Count all Digits of a Number",1,"Learn the basics","Know Basic Maths","Easy","","https://takeuforward.org/data-structure/count-digits-in-a-number/"
"gcd-of-two-numbers","Q-372","GCD of Two Numbers",1,"Learn the basics","Know Basic Maths","Easy","","https://takeuforward.org/data-structure/find-gcd-of-two-numbers/"
"palindrome-number","Q-374","Palindrome Number",1,"Learn the basics","Know Basic Maths","Easy","https://leetcode.com/problems/palindrome-number/","https://takeuforward.org/data-structure/check-if-a-number-is-palindrome-or-not/"
"print-all-divisors","Q-2807","Print all Divisors",1,"Learn the basics","Know Basic Maths","easy","","https://takeuforward.org/data-structure/print-all-divisors-of-a-given-number/"
"reverse-a-number","Q-376","Reverse a number",1,"Learn the basics","Know Basic Maths","Easy","https://leetcode.com/problems/reverse-integer/","https://takeuforward.org/maths/reverse-digits-of-a-number"
"check-if-string-is-palindrome-or-not","Q-378","Check if String is Palindrome or Not",1,"Learn the basics","Learn Basic Recursion","Easy","https://leetcode.com/problems/valid-palindrome/","https://takeuforward.org/data-structure/check-if-the-given-string-is-palindrome-or-not/"
"factorial-of-a-given-number","Q-371","Factorial of a given number",1,"Learn the basics","Learn Basic Recursion","Easy","","https://takeuforward.org/data-structure/factorial-of-a-number-iterative-and-recursive"
"fibonacci-number","Q-381","Fibonacci Number",1,"Learn the basics","Learn Basic Recursion","Easy","https://leetcode.com/problems/fibonacci-number/","https://takeuforward.org/arrays/print-fibonacci-series-up-to-nth-term/"
"print-1-to-n-using-recursion","Q-850","Print 1 to N using Recursion",1,"Learn the basics","Learn Basic Recursion","Easy","","https://takeuforward.org/recursion/print-1-to-n-using-recursion/"
"print-n-to-1-using-recursion","Q-852","Print N to 1 using Recursion",1,"Learn the basics","Learn Basic Recursion","Easy","","https://takeuforward.org/recursion/print-n-to-1-using-recursion/"
"print-name-n-times-using-recursion","Q-2405","Print name N times using recursion",1,"Learn the basics","Learn Basic Recursion","Easy","","https://takeuforward.org/recursion/print-name-n-times-using-recursion/"
"reverse-an-array","Q-342","Reverse an array",1,"Learn the basics","Learn Basic Recursion","Easy","","https://takeuforward.org/data-structure/reverse-a-given-array/"
"sum-of-first-n-numbers","Q-386","Sum of First N Numbers",1,"Learn the basics","Learn Basic Recursion","Easy","","https://takeuforward.org/data-structure/sum-of-first-n-natural-numbers/"
"understand-recursion-by-print-something-n-times","Q-2401","Understand recursion by print something N times",1,"Learn the basics","Learn Basic Recursion","Easy","","https://takeuforward.org/recursion/introduction-to-recursion-understand-recursion-by-printing-something-n-times/"
"basic-hashing","Q-1203","Basic Hashing",1,"Learn the basics","Learn Basic Hashing","Easy","","https://takeuforward.org/hashing/hashing-maps-time-complexity-collisions-division-rule-of-hashing-strivers-a2z-dsa-course/"
"counting-frequencies-of-array-elements","Q-252","Counting Frequencies of Array Elements",1,"Learn the basics","Learn Basic Hashing","Easy","","https://takeuforward.org/data-structure/count-frequency-of-each-element-in-the-array/"
"highest-occurring-element-in-an-array","Q-344","Highest Occurring Element in an Array",1,"Learn the basics","Learn Basic Hashing","Easy","https://leetcode.com/problems/frequency-of-the-most-frequent-element/","https://takeuforward.org/arrays/find-the-highest-lowest-frequency-element/"
"bubble-sort","Q-943","Bubble Sort",2,"Learn Important Sorting Techniques","Sorting-I","Easy","","https://takeuforward.org/data-structure/bubble-sort-algorithm/"
"insertion-sorting","Q-944","Insertion Sorting",2,"Learn Important Sorting Techniques","Sorting-I","Easy","","https://takeuforward.org/data-structure/insertion-sort-algorithm/"
"selection-sort","Q-947","Selection Sort",2,"Learn Important Sorting Techniques","Sorting-I","Easy","","https://takeuforward.org/sorting/selection-sort-algorithm/"
"merge-sorting","Q-945","Merge Sorting",2,"Learn Important Sorting Techniques","Sorting-II","Medium","","https://takeuforward.org/data-structure/merge-sort-algorithm/"
"quick-sorting","Q-946","Quick Sorting",2,"Learn Important Sorting Techniques","Sorting-II","Easy","","https://takeuforward.org/data-structure/quick-sort-algorithm/"
"recursive-bubble-sort","Q-881","Recursive Bubble Sort",2,"Learn Important Sorting Techniques","Sorting-II","Easy","","https://takeuforward.org/arrays/recursive-bubble-sort-algorithm/"
"recursive-insertion-sort","Q-882","Recursive Insertion Sort",2,"Learn Important Sorting Techniques","Sorting-II","Easy","","https://takeuforward.org/arrays/recursive-insertion-sort-algorithm/"
"check-if-the-array-is-sorted-ii","Q-379","Check if the Array is Sorted II",3,"Solve Problems on Arrays [Easy -> Medium -> Hard]","Easy","Easy","https://leetcode.com/problems/check-if-array-is-sorted-and-rotated/#:~:text=Input%3A%20nums%20%3D%20%5B2%2C,no%20rotation)%20to%20make%20nums.","https://takeuforward.org/data-structure/check-if-an-array-is-sorted/"
"find-missing-number","Q-44","Find missing number",3,"Solve Problems on Arrays [Easy -> Medium -> Hard]","Easy","Easy","","https://www.geeksforgeeks.org/find-the-missing-number/"
"find-the-number-that-appears-once-and-other-numbers-twice","Q-2793","Find the number that appears once, and other numbers twice.",3,"Solve Problems on Arrays [Easy -> Medium -> Hard]","Easy","Medium","https://leetcode.com/problems/single-number/","https://takeuforward.org/arrays/find-the-number-that-appears-once-and-the-other-numbers-twice/"
"largest-element","Q-38","Largest Element",3,"Solve Problems on Arrays [Easy -> Medium -> Hard]","Easy","Easy","","https://takeuforward.org/data-structure/find-the-largest-element-in-an-array/"
"left-rotate-array-by-k-places","Q-39","Left Rotate Array by K Places",3,"Solve Problems on Arrays [Easy -> Medium -> Hard]","Easy","Easy","https://leetcode.com/problems/rotate-array/","https://takeuforward.org/data-structure/rotate-array-by-k-elements/"
"left-rotate-array-by-one","Q-40","Left Rotate Array by One",3,"Solve Problems on Arrays [Easy -> Medium -> Hard]","Easy","Easy","https://leetcode.com/problems/rotate-array/","https://takeuforward.org/data-structure/left-rotate-the-array-by-one/"
"linear-search","Q-41","Linear Search",3,"Solve Problems on Arrays [Easy -> Medium -> Hard]","Easy","Easy","","https://takeuforward.org/data-structure/linear-search-in-c/"
"longest-subarray-with-given-sum-k-positives","Q-2836","Longest subarray with given sum K(positives)",3,"Solve Problems on Arrays [Easy -> Medium -> Hard]","Easy","Medium","","https://takeuforward.org/data-structure/longest-subarray-with-given-sum-k/"
"longest-subarray-with-sum-k","Q-564","Longest subarray with sum K",3,"Solve Problems on Arrays [Easy -> Medium -> Hard]","Easy","Medium","","https://takeuforward.org/arrays/longest-subarray-with-sum-k-postives-and-negatives"
"maximum-consecutive-ones","Q-42","Maximum Consecutive Ones",3,"Solve Problems on Arrays [Easy -> Medium -> Hard]","Easy","Easy","https://leetcode.com/problems/max-consecutive-ones/","https://takeuforward.org/data-structure/count-maximum-consecutive-ones-in-the-array/"
"move-zeros-to-end","Q-46","Move Zeros to End",3,"Solve Problems on Arrays [Easy -> Medium -> Hard]","Easy","Easy","https://leetcode.com/problems/move-zeroes/","https://takeuforward.org/data-structure/move-all-zeros-to-the-end-of-the-array/"
"remove-duplicates-from-sorted-array","Q-2764","Remove duplicates from Sorted array",3,"Solve Problems on Arrays [Easy -> Medium -> Hard]","Easy","Easy","https://leetcode.com/problems/remove-duplicates-from-sorted-array/#:~:text=Input%3A%20nums%20%3D%20%5B0%2C,%2C%203%2C%20and%204%20respectively.","https://takeuforward.org/data-structure/remove-duplicates-in-place-from-sorted-array/"
"second-largest-element","Q-43","Second Largest Element",3,"Solve Problems on Arrays [Easy -> Medium -> Hard]","Easy","Easy","","https://takeuforward.org/data-structure/find-second-smallest-and-second-largest-element-in-an-array/"
"union-of-two-sorted-arrays","Q-48","Union of two sorted arrays",3,"Solve Problems on Arrays [Easy -> Medium -> Hard]","Easy","Easy","","https://takeuforward.org/data-structure/union-of-two-sorted-arrays/"
"count-subarrays-with-given-sum","Q-561","Count subarrays with given sum",3,"Solve Problems on Arrays [Easy -> Medium -> Hard]","Medium","Medium","https://leetcode.com/problems/subarray-sum-equals-k/","https://takeuforward.org/arrays/count-subarray-sum-equals-k/"
"kadane-s-algorithm","Q-29","Kadane's Algorithm",3,"Solve Problems on Arrays [Easy -> Medium -> Hard]","Medium","Medium","https://leetcode.com/problems/maximum-subarray/","https://takeuforward.org/data-structure/kadanes-algorithm-maximum-subarray-sum-in-an-array/"
"leaders-in-an-array","Q-30","Leaders in an Array",3,"Solve Problems on Arrays [Easy -> Medium -> Hard]","Medium","Medium","","https://takeuforward.org/data-structure/leaders-in-an-array/"
"longest-consecutive-sequence-in-an-array","Q-2835","Longest Consecutive Sequence in an Array",3,"Solve Problems on Arrays [Easy -> Medium -> Hard]","Medium","Medium","https://leetcode.com/problems/longest-consecutive-sequence/solution/","https://takeuforward.org/data-structure/longest-consecutive-sequence-in-an-array/"
"majority-element-i","Q-22","Majority Element-I",3,"Solve Problems on Arrays [Easy -> Medium -> Hard]","Medium","Easy","https://leetcode.com/problems/majority-element/","https://takeuforward.org/data-structure/find-the-majority-element-that-occurs-more-than-n-2-times/"
"next-permutation","Q-31","Next Permutation",3,"Solve Problems on Arrays [Easy -> Medium -> Hard]","Medium","Medium","https://leetcode.com/problems/next-permutation/","https://takeuforward.org/data-structure/next_permutation-find-next-lexicographically-greater-permutation/"
"print-subarray-with-maximum-subarray-sum-extended-version-of-above-problem","Q-2761","Print subarray with maximum subarray sum (extended version of above problem)",3,"Solve Problems on Arrays [Easy -> Medium -> Hard]","Medium","Medium","","https://takeuforward.org/data-structure/kadanes-algorithm-maximum-subarray-sum-in-an-array/"
"print-the-matrix-in-spiral-manner","Q-33","Print the matrix in spiral manner",3,"Solve Problems on Arrays [Easy -> Medium -> Hard]","Medium","Medium","https://leetcode.com/problems/spiral-matrix/","https://takeuforward.org/data-structure/spiral-traversal-of-matrix/"
"rearrange-array-elements-by-sign","Q-34","Rearrange array elements by sign",3,"Solve Problems on Arrays [Easy -> Medium -> Hard]","Medium","Medium","https://leetcode.com/problems/rearrange-array-elements-by-sign/","https://takeuforward.org/arrays/rearrange-array-elements-by-sign/"
"rotate-matrix-by-90-degrees","Q-35","Rotate matrix by 90 degrees",3,"Solve Problems on Arrays [Easy -> Medium -> Hard]","Medium","Medium","https://leetcode.com/problems/rotate-image/","https://takeuforward.org/data-structure/rotate-image-by-90-degree/"
"set-matrix-zeroes","Q-911","Set Matrix Zeroes",3,"Solve Problems on Arrays [Easy -> Medium -> Hard]","Medium","Medium","https://leetcode.com/problems/set-matrix-zeroes/","https://takeuforward.org/data-structure/set-matrix-zero/"
"sort-an-array-of-0-s-1-s-and-2-s","Q-2762","Sort an array of 0's 1's and 2's",3,"Solve Problems on Arrays [Easy -> Medium -> Hard]","Medium","Medium","https://leetcode.com/problems/sort-colors/","https://takeuforward.org/data-structure/sort-an-array-of-0s-1s-and-2s/"
"stock-buy-and-sell","Q-2798","Stock Buy and Sell",3,"Solve Problems on Arrays [Easy -> Medium -> Hard]","Medium","Medium","https://leetcode.com/problems/best-time-to-buy-and-sell-stock/","https://takeuforward.org/data-structure/stock-buy-and-sell/"
"3-sum","Q-27","3 Sum",3,"Solve Problems on Arrays [Easy -> Medium -> Hard]","Hard","Medium","https://leetcode.com/problems/3sum/","https://takeuforward.org/data-structure/3-sum-find-triplets-that-add-up-to-a-zero/"
"4-sum","Q-28","4 Sum",3,"Solve Problems on Arrays [Easy -> Medium -> Hard]","Hard","Medium","https://leetcode.com/problems/4sum/","https://takeuforward.org/data-structure/4-sum-find-quads-that-add-up-to-a-target-value/"
"count-inversions","Q-20","Count Inversions",3,"Solve Problems on Arrays [Easy -> Medium -> Hard]","Hard","Hard","","https://takeuforward.org/data-structure/count-inversions-in-an-array"
"count-subarrays-with-given-xor-k","Q-562","Count subarrays with given xor K",3,"Solve Problems on Arrays [Easy -> Medium -> Hard]","Hard","Hard","","https://takeuforward.org/data-structure/count-the-number-of-subarrays-with-given-xor-k/"
"find-the-repeating-and-missing-number","Q-21","Find the repeating and missing number",3,"Solve Problems on Arrays [Easy -> Medium -> Hard]","Hard","Hard","","https://takeuforward.org/data-structure/find-the-repeating-and-missing-numbers/"
"largest-subarray-with-sum-0","Q-605","Largest Subarray with Sum 0",3,"Solve Problems on Arrays [Easy -> Medium -> Hard]","Hard","Medium","","https://takeuforward.org/data-structure/length-of-the-longest-subarray-with-zero-sum/"
"majority-element-ii","Q-23","Majority Element-II",3,"Solve Problems on Arrays [Easy -> Medium -> Hard]","Hard","Hard","https://leetcode.com/problems/majority-element-ii/","https://takeuforward.org/data-structure/majority-elementsn-3-times-find-the-elements-that-appears-more-than-n-3-times-in-the-array/"
"maximum-product-subarray-in-an-array","Q-24","Maximum Product Subarray in an Array",3,"Solve Problems on Arrays [Easy -> Medium -> Hard]","Hard","Hard","https://leetcode.com/problems/maximum-product-subarray/","https://takeuforward.org/data-structure/maximum-product-subarray-in-an-array/"
"merge-overlapping-subintervals","Q-715","Merge Overlapping Subintervals",3,"Solve Problems on Arrays [Easy -> Medium -> Hard]","Hard","Medium","https://leetcode.com/problems/merge-intervals/","https://takeuforward.org/data-structure/merge-overlapping-sub-intervals/"
"merge-two-sorted-arrays-without-extra-space","Q-25","Merge two sorted arrays without extra space",3,"Solve Problems on Arrays [Easy -> Medium -> Hard]","Hard","Medium","https://leetcode.com/problems/merge-sorted-array/","https://takeuforward.org/data-structure/merge-two-sorted-arrays-without-extra-space/"
"pascal-s-triangle-i","Q-813","Pascal's Triangle I",3,"Solve Problems on Arrays [Easy -> Medium -> Hard]","Hard","Easy","https://leetcode.com/problems/pascals-triangle/","https://takeuforward.org/data-structure/program-to-generate-pascals-triangle"
"reverse-pairs","Q-26","Reverse Pairs",3,"Solve Problems on Arrays [Easy -> Medium -> Hard]","Hard","Hard","https://leetcode.com/problems/reverse-pairs/","https://takeuforward.org/data-structure/count-reverse-pairs/"
"count-occurrences-in-a-sorted-array","Q-229","Count Occurrences in a Sorted Array",4,"Binary Search [1D, 2D Arrays, Search Space]","BS on 1D Arrays","Easy","","https://takeuforward.org/data-structure/count-occurrences-in-sorted-array/"
"find-minimum-in-rotated-sorted-array","Q-83","Find minimum in Rotated Sorted Array",4,"Binary Search [1D, 2D Arrays, Search Space]","BS on 1D Arrays","Easy","https://leetcode.com/problems/find-minimum-in-rotated-sorted-array/","https://takeuforward.org/data-structure/minimum-in-rotated-sorted-array/"
"find-out-how-many-times-the-array-is-rotated","Q-84","Find out how many times the array is rotated",4,"Binary Search [1D, 2D Arrays, Search Space]","BS on 1D Arrays","Easy","","https://takeuforward.org/arrays/find-out-how-many-times-the-array-has-been-rotated/"
"find-peak-element","Q-75","Find peak element",4,"Binary Search [1D, 2D Arrays, Search Space]","BS on 1D Arrays","Medium","https://leetcode.com/problems/find-peak-element/#:~:text=Find%20Peak%20Element%20%2D%20LeetCode&text=A%20peak%20element%20is%20an,to%20any%20of%20the%20peaks.","https://takeuforward.org/data-structure/peak-element-in-array/"
"first-and-last-occurrence","Q-85","First and last occurrence",4,"Binary Search [1D, 2D Arrays, Search Space]","BS on 1D Arrays","Easy","https://leetcode.com/problems/find-first-and-last-position-of-element-in-sorted-array/","https://takeuforward.org/data-structure/last-occurrence-in-a-sorted-array/"
"floor-and-ceil-in-sorted-array","Q-86","Floor and Ceil in Sorted Array",4,"Binary Search [1D, 2D Arrays, Search Space]","BS on 1D Arrays","Easy","","https://takeuforward.org/arrays/floor-and-ceil-in-sorted-array/"
"lower-bound","Q-80","Lower Bound",4,"Binary Search [1D, 2D Arrays, Search Space]","BS on 1D Arrays","Easy","","https://takeuforward.org/arrays/implement-lower-bound-bs-2/"
"search-in-rotated-sorted-array-i","Q-87","Search in rotated sorted array-I",4,"Binary Search [1D, 2D Arrays, Search Space]","BS on 1D Arrays","Medium","https://leetcode.com/problems/search-in-rotated-sorted-array/","https://takeuforward.org/data-structure/search-element-in-a-rotated-sorted-array/"
"search-in-rotated-sorted-array-ii","Q-88","Search in rotated sorted array-II",4,"Binary Search [1D, 2D Arrays, Search Space]","BS on 1D Arrays","Medium","https://leetcode.com/problems/search-in-rotated-sorted-array-ii/","https://takeuforward.org/arrays/search-element-in-rotated-sorted-array-ii"
"search-insert-position","Q-89","Search insert position",4,"Binary Search [1D, 2D Arrays, Search Space]","BS on 1D Arrays","Easy","https://leetcode.com/problems/search-insert-position/#:~:text=Search%20Insert%20Position%20%2D%20LeetCode&text=Given%20a%20sorted%20array%20of,(log%20n)%20runtime%20complexity.","https://takeuforward.org/arrays/search-insert-position/"
"search-x-in-sorted-array","Q-81","Search X in sorted array",4,"Binary Search [1D, 2D Arrays, Search Space]","BS on 1D Arrays","Easy","https://leetcode.com/problems/binary-search/","https://takeuforward.org/data-structure/binary-search-explained/"
"single-element-in-a-sorted-array","Q-2770","Single element in a Sorted Array",4,"Binary Search [1D, 2D Arrays, Search Space]","BS on 1D Arrays","Medium","https://leetcode.com/problems/single-element-in-a-sorted-array/","https://takeuforward.org/data-structure/search-single-element-in-a-sorted-array/"
"upper-bound","Q-82","Upper Bound",4,"Binary Search [1D, 2D Arrays, Search Space]","BS on 1D Arrays","Easy","","https://takeuforward.org/arrays/implement-upper-bound/"
"aggressive-cows","Q-73","Aggressive Cows",4,"Binary Search [1D, 2D Arrays, Search Space]","BS on Answers","Hard","","https://takeuforward.org/data-structure/aggressive-cows-detailed-solution/"
"book-allocation-problem","Q-74","Book Allocation Problem",4,"Binary Search [1D, 2D Arrays, Search Space]","BS on Answers","Hard","","https://takeuforward.org/data-structure/allocate-minimum-number-of-pages/"
"capacity-to-ship-packages-within-d-days","Q-161","Capacity to Ship Packages Within D Days",4,"Binary Search [1D, 2D Arrays, Search Space]","BS on Answers","Medium","https://leetcode.com/problems/capacity-to-ship-packages-within-d-days/","https://takeuforward.org/arrays/capacity-to-ship-packages-within-d-days/"
"find-nth-root-of-a-number","Q-91","Find Nth root of a number",4,"Binary Search [1D, 2D Arrays, Search Space]","BS on Answers","Medium","","https://takeuforward.org/data-structure/nth-root-of-a-number-using-binary-search/"
"find-square-root-of-a-number","Q-92","Find square root of a number",4,"Binary Search [1D, 2D Arrays, Search Space]","BS on Answers","Medium","","https://takeuforward.org/binary-search/finding-sqrt-of-a-number-using-binary-search/"
"find-the-smallest-divisor","Q-93","Find the smallest divisor",4,"Binary Search [1D, 2D Arrays, Search Space]","BS on Answers","Medium","https://leetcode.com/problems/find-the-smallest-divisor-given-a-threshold/","https://takeuforward.org/arrays/find-the-smallest-divisor-given-a-threshold/"
"koko-eating-bananas","Q-94","Koko eating bananas",4,"Binary Search [1D, 2D Arrays, Search Space]","BS on Answers","Medium","https://leetcode.com/problems/koko-eating-bananas/","https://takeuforward.org/binary-search/koko-eating-bananas/"
"kth-element-of-2-sorted-arrays","Q-2767","Kth element of 2 sorted arrays",4,"Binary Search [1D, 2D Arrays, Search Space]","BS on Answers","Medium","","https://takeuforward.org/data-structure/k-th-element-of-two-sorted-arrays/"
"kth-missing-positive-number","Q-600","Kth Missing Positive Number",4,"Binary Search [1D, 2D Arrays, Search Space]","BS on Answers","Medium","https://leetcode.com/problems/kth-missing-positive-number/#:~:text=Given%20an%20array%20arr%20of,13%2C...%5D.","https://takeuforward.org/arrays/kth-missing-positive-number/"
"minimize-max-distance-to-gas-station","Q-78","Minimize Max Distance to Gas Station",4,"Binary Search [1D, 2D Arrays, Search Space]","BS on Answers","Hard","https://leetcode.com/problems/minimize-max-distance-to-gas-station/","https://takeuforward.org/arrays/minimise-maximum-distance-between-gas-stations/"
"minimum-days-to-make-m-bouquets","Q-95","Minimum days to make M bouquets",4,"Binary Search [1D, 2D Arrays, Search Space]","BS on Answers","Medium","https://leetcode.com/problems/minimum-number-of-days-to-make-m-bouquets/","https://takeuforward.org/arrays/minimum-days-to-make-m-bouquets/"
"painter-s-partition","Q-805","Painter's Partition",4,"Binary Search [1D, 2D Arrays, Search Space]","BS on Answers","Medium","","https://takeuforward.org/arrays/painters-partition-problem/"
"split-array-largest-sum","Q-79","Split array - largest sum",4,"Binary Search [1D, 2D Arrays, Search Space]","BS on Answers","Hard","https://leetcode.com/problems/split-array-largest-sum/","https://takeuforward.org/arrays/split-array-largest-sum/"
"find-peak-element-ii","Q-65","Find Peak Element - II",4,"Binary Search [1D, 2D Arrays, Search Space]","BS on 2D Arrays","Medium","https://leetcode.com/problems/find-a-peak-element-ii/","https://takeuforward.org/data-structure/find-peak-element-2d-matrix"
"find-row-with-maximum-1-s","Q-66","Find row with maximum 1's",4,"Binary Search [1D, 2D Arrays, Search Space]","BS on 2D Arrays","Easy","","https://takeuforward.org/arrays/find-the-row-with-maximum-number-of-1s/"
"matrix-median","Q-67","Matrix Median",4,"Binary Search [1D, 2D Arrays, Search Space]","BS on 2D Arrays","Hard","","https://takeuforward.org/data-structure/median-of-row-wise-sorted-matrix/"
"search-in-2d-matrix-ii","Q-68","Search in 2D matrix - II",4,"Binary Search [1D, 2D Arrays, Search Space]","BS on 2D Arrays","Hard","https://leetcode.com/problems/search-a-2d-matrix-ii/","https://takeuforward.org/arrays/search-in-a-row-and-column-wise-sorted-matrix/"
"search-in-a-2d-matrix","Q-69","Search in a 2D matrix",4,"Binary Search [1D, 2D Arrays, Search Space]","BS on 2D Arrays","Hard","https://leetcode.com/problems/search-a-2d-matrix/","https://takeuforward.org/data-structure/search-in-a-sorted-2d-matrix/"
"check-if-two-strings-are-anagram-of-each-other","Q-2809","Check if two strings are anagram of each other",5,"Strings [Basic and Medium]","Basic and Easy String Problems","Easy","https://leetcode.com/problems/valid-anagram/#:~:text=Given%20two%20strings%20s%20and,the%20original%20letters%20exactly%20once.&text=Constraints%3A,.length%20%3C%3D%205%20*%2010","https://takeuforward.org/data-structure/check-if-two-strings-are-anagrams-of-each-other/"
"isomorphic-string","Q-393","Isomorphic String",5,"Strings [Basic and Medium]","Basic and Easy String Problems","Easy","https://leetcode.com/problems/isomorphic-strings/","https://takeuforward.org/data-structure/isomorphic-string"
"largest-odd-number-in-a-string","Q-394","Largest Odd Number in a String",5,"Strings [Basic and Medium]","Basic and Easy String Problems","Easy","https://leetcode.com/problems/largest-odd-number-in-string/","https://takeuforward.org/data-structure/largest-odd-number-in-a-string"
"longest-common-prefix","Q-395","Longest Common Prefix",5,"Strings [Basic and Medium]","Basic and Easy String Problems","Easy","https://leetcode.com/problems/longest-common-prefix/","https://takeuforward.org/data-structure/longest-common-prefix"
"remove-outermost-parentheses","Q-892","Remove Outermost Parentheses",5,"Strings [Basic and Medium]","Basic and Easy String Problems","Medium","https://leetcode.com/problems/remove-outermost-parentheses/","https://takeuforward.org/data-structure/remove-outermost-parentheses"
"reverse-words-in-a-given-string-palindrome-check","Q-2863","Reverse words in a given string / Palindrome Check",5,"Strings [Basic and Medium]","Basic and Easy String Problems","Medium","https://leetcode.com/problems/reverse-words-in-a-string/","https://takeuforward.org/data-structure/reverse-words-in-a-string/"
"rotate-string","Q-398","Rotate String",5,"Strings [Basic and Medium]","Basic and Easy String Problems","Easy","https://leetcode.com/problems/rotate-string/","https://takeuforward.org/data-structure/check-if-one-string-is-rotation-of-another"
"count-number-of-substrings","Q-2394","Count Number of Substrings",5,"Strings [Basic and Medium]","Medium String Problems","Easy","","https://takeuforward.org/data-structure/count-number-of-substrings"
"maximum-nesting-depth-of-the-parentheses","Q-674","Maximum Nesting Depth of the Parentheses",5,"Strings [Basic and Medium]","Medium String Problems","Medium","https://leetcode.com/problems/maximum-nesting-depth-of-the-parentheses/","https://takeuforward.org/data-structure/maximum-nesting-depth-of-parenthesis"
"reverse-every-word-in-a-string","Q-984","Reverse every word in a string",5,"Strings [Basic and Medium]","Medium String Problems","Medium","https://leetcode.com/problems/reverse-words-in-a-string/","https://takeuforward.org/data-structure/reverse-words-in-a-string/"
"roman-to-integer","Q-903","Roman to Integer",5,"Strings [Basic and Medium]","Medium String Problems","Medium","https://leetcode.com/problems/roman-to-integer/","https://takeuforward.org/data-structure/roman-numerals-to-integer"
"sort-characters-by-frequency","Q-399","Sort Characters by Frequency",5,"Strings [Basic and Medium]","Medium String Problems","Easy","https://leetcode.com/problems/sort-characters-by-frequency/","https://takeuforward.org/data-structure/sort-characters-by-frequency"
"string-to-integer-atoi","Q-974","String to Integer (atoi)",5,"Strings [Basic and Medium]","Medium String Problems","Medium","https://leetcode.com/problems/string-to-integer-atoi/","https://takeuforward.org/data-structure/recursive-implementation-of-atoi"
"sum-of-beauty-of-all-substrings","Q-993","Sum of Beauty of All Substrings",5,"Strings [Basic and Medium]","Medium String Problems","Medium","https://leetcode.com/problems/sum-of-beauty-of-all-substrings/","https://takeuforward.org/data-structure/sum-of-beauty-of-all-substring"
"deletion-of-the-head-of-ll","Q-352","Deletion of the head of LL",6,"Learn LinkedList [Single LL, Double LL, Medium, Hard Problems]","Learn 1D LinkedList","Easy","https://leetcode.com/problems/delete-node-in-a-linked-list/","https://takeuforward.org/data-structure/delete-last-node-of-linked-list/"
"find-the-length-of-the-linked-list","Q-470","Find the length of the Linked List",6,"Learn LinkedList [Single LL, Double LL, Medium, Hard Problems]","Learn 1D LinkedList","Easy","","https://takeuforward.org/linked-list/find-the-length-of-a-linked-list"
"insertion-at-the-head-of-linked-list","Q-356","Insertion at the head of Linked List",6,"Learn LinkedList [Single LL, Double LL, Medium, Hard Problems]","Learn 1D LinkedList","Easy","","https://takeuforward.org/linked-list/insert-at-the-head-of-a-linked-list"
"introduction-to-singly-linkedlist","Q-1237","Introduction to Singly LinkedList",6,"Learn LinkedList [Single LL, Double LL, Medium, Hard Problems]","Learn 1D LinkedList","Easy","","https://takeuforward.org/linked-list/linked-list-introduction"
"search-in-linked-list","Q-905","Search in Linked List",6,"Learn LinkedList [Single LL, Double LL, Medium, Hard Problems]","Learn 1D LinkedList","Medium","","https://takeuforward.org/linked-list/search-an-element-in-a-linked-list"
"delete-head-of-doubly-linked-list","Q-348","Delete head of Doubly Linked List",6,"Learn LinkedList [Single LL, Double LL, Medium, Hard Problems]","Learn Doubly LinkedList","Easy","","https://takeuforward.org/data-structure/delete-last-node-of-a-doubly-linked-list/"
"insert-node-before-head-in-doubly-linked-list","Q-361","Insert node before head in Doubly Linked List",6,"Learn LinkedList [Single LL, Double LL, Medium, Hard Problems]","Learn Doubly LinkedList","Easy","","https://takeuforward.org/data-structure/insert-at-end-of-doubly-linked-list/"
"introduction-to-doubly-ll","Q-1234","Introduction to Doubly LL",6,"Learn LinkedList [Single LL, Double LL, Medium, Hard Problems]","Learn Doubly LinkedList","Easy","","https://takeuforward.org/linked-list/introduction-to-doubly-linked-list"
"reverse-a-doubly-linked-list","Q-900","Reverse a Doubly Linked List",6,"Learn LinkedList [Single LL, Double LL, Medium, Hard Problems]","Learn Doubly LinkedList","Medium","","https://takeuforward.org/data-structure/reverse-a-doubly-linked-list/"
"add-one-to-a-number-represented-by-ll","Q-617","Add one to a number represented by LL",6,"Learn LinkedList [Single LL, Double LL, Medium, Hard Problems]","Medium Problems of LL","Medium","","https://takeuforward.org/data-structure/add-1-to-a-number-represented-by-ll"
"add-two-numbers-in-linked-list","Q-625","Add two numbers in Linked List",6,"Learn LinkedList [Single LL, Double LL, Medium, Hard Problems]","Medium Problems of LL","Medium","https://leetcode.com/problems/add-two-numbers/","https://takeuforward.org/data-structure/add-two-numbers-represented-as-linked-lists/"
"check-if-ll-is-palindrome-or-not","Q-2844","Check if LL is palindrome or not",6,"Learn LinkedList [Single LL, Double LL, Medium, Hard Problems]","Medium Problems of LL","Medium","https://leetcode.com/problems/palindrome-linked-list/","https://takeuforward.org/data-structure/check-if-given-linked-list-is-plaindrome/"
"delete-the-middle-node-in-ll","Q-619","Delete the middle node in LL",6,"Learn LinkedList [Single LL, Double LL, Medium, Hard Problems]","Medium Problems of LL","Medium","https://leetcode.com/problems/delete-the-middle-node-of-a-linked-list/#:~:text=You%20are%20given%20the%20head,than%20or%20equal%20to%20x%20.","https://takeuforward.org/linked-list/delete-the-middle-node-of-the-linked-list"
"detect-a-loop-in-ll","Q-2845","Detect a loop in LL",6,"Learn LinkedList [Single LL, Double LL, Medium, Hard Problems]","Medium Problems of LL","Medium","https://leetcode.com/problems/linked-list-cycle/","https://takeuforward.org/data-structure/detect-a-cycle-in-a-linked-list/"
"find-the-intersection-point-of-y-ll","Q-2846","Find the intersection point of Y LL",6,"Learn LinkedList [Single LL, Double LL, Medium, Hard Problems]","Medium Problems of LL","Medium","https://leetcode.com/problems/intersection-of-two-linked-lists/","https://takeuforward.org/data-structure/find-intersection-of-two-linked-lists/"
"find-the-starting-point-in-ll","Q-2847","Find the starting point in LL",6,"Learn LinkedList [Single LL, Double LL, Medium, Hard Problems]","Medium Problems of LL","Medium","https://leetcode.com/problems/linked-list-cycle-ii/","https://takeuforward.org/data-structure/starting-point-of-loop-in-a-linked-list/"
"length-of-loop-in-ll","Q-623","Length of loop in LL",6,"Learn LinkedList [Single LL, Double LL, Medium, Hard Problems]","Medium Problems of LL","Medium","","https://takeuforward.org/linked-list/length-of-loop-in-linked-list"
"middle-of-a-linkedlist-tortoisehare-method","Q-2810","Middle of a LinkedList [TortoiseHare Method]",6,"Learn LinkedList [Single LL, Double LL, Medium, Hard Problems]","Medium Problems of LL","easy","https://leetcode.com/problems/middle-of-the-linked-list/","https://takeuforward.org/data-structure/find-middle-element-in-a-linked-list/"
"remove-nth-node-from-the-back-of-the-ll","Q-2849","Remove Nth node from the back of the LL",6,"Learn LinkedList [Single LL, Double LL, Medium, Hard Problems]","Medium Problems of LL","Medium","https://leetcode.com/problems/remove-nth-node-from-end-of-list/","https://takeuforward.org/data-structure/remove-n-th-node-from-the-end-of-a-linked-list/"
"reverse-a-linkedlist-iterative","Q-2850","Reverse a LinkedList [Iterative]",6,"Learn LinkedList [Single LL, Double LL, Medium, Hard Problems]","Medium Problems of LL","Medium","https://leetcode.com/problems/reverse-linked-list/","https://takeuforward.org/data-structure/reverse-a-linked-list/"
"reverse-a-ll","Q-627","Reverse a LL",6,"Learn LinkedList [Single LL, Double LL, Medium, Hard Problems]","Medium Problems of LL","Medium","https://leetcode.com/problems/reverse-linked-list/","https://takeuforward.org/data-structure/reverse-a-linked-list/"
"segregate-odd-and-even-nodes-in-linked-list","Q-628","Segregate odd and even nodes in Linked List",6,"Learn LinkedList [Single LL, Double LL, Medium, Hard Problems]","Medium Problems of LL","Medium","https://leetcode.com/problems/odd-even-linked-list/","https://takeuforward.org/data-structure/segregate-even-and-odd-nodes-in-linkedlist"
"sort-a-linked-list-of-0-s-1-s-and-2-s","Q-629","Sort a Linked List of 0's 1's and 2's",6,"Learn LinkedList [Single LL, Double LL, Medium, Hard Problems]","Medium Problems of LL","Medium","","https://takeuforward.org/data-structure/sort-a-linked-list-of-0s-1s-and-2s-by-changing-links"
"sort-ll","Q-616","Sort LL",6,"Learn LinkedList [Single LL, Double LL, Medium, Hard Problems]","Medium Problems of LL","Hard","https://leetcode.com/problems/sort-list/","https://takeuforward.org/linked-list/sort-a-linked-list"
"delete-all-occurrences-of-a-key-in-dll","Q-609","Delete all occurrences of a key in DLL",6,"Learn LinkedList [Single LL, Double LL, Medium, Hard Problems]","Medium Problems of DLL","Hard","","https://takeuforward.org/data-structure/delete-all-occurrences-of-a-key-in-dll"
"find-pairs-with-given-sum-in-doubly-linked-list","Q-452","Find Pairs with Given Sum in Doubly Linked List",6,"Learn LinkedList [Single LL, Double LL, Medium, Hard Problems]","Medium Problems of DLL","Medium","","https://takeuforward.org/data-structure/find-pairs-with-given-sum-in-doubly-linked-list"
"remove-duplicates-from-sorted-dll","Q-610","Remove duplicates from sorted DLL",6,"Learn LinkedList [Single LL, Double LL, Medium, Hard Problems]","Medium Problems of DLL","hard","","https://takeuforward.org/data-structure/remove-duplicates-from-sorted-dll"
"clone-a-ll-with-random-and-next-pointer","Q-611","Clone a LL with random and next pointer",6,"Learn LinkedList [Single LL, Double LL, Medium, Hard Problems]","Hard Problems of LL","Hard","https://leetcode.com/problems/copy-list-with-random-pointer/","https://takeuforward.org/data-structure/clone-linked-list-with-random-and-next-pointer/"
"flattening-of-ll","Q-2841","Flattening of LL",6,"Learn LinkedList [Single LL, Double LL, Medium, Hard Problems]","Hard Problems of LL","Hard","","https://takeuforward.org/data-structure/flattening-a-linked-list/"
"reverse-ll-in-group-of-given-size-k","Q-2842","Reverse LL in group of given size K",6,"Learn LinkedList [Single LL, Double LL, Medium, Hard Problems]","Hard Problems of LL","Hard","https://leetcode.com/problems/reverse-nodes-in-k-group/","https://takeuforward.org/data-structure/reverse-linked-list-in-groups-of-size-k/"
"rotate-a-ll","Q-2843","Rotate a LL",6,"Learn LinkedList [Single LL, Double LL, Medium, Hard Problems]","Hard Problems of LL","Hard","https://leetcode.com/problems/rotate-list/description/","https://takeuforward.org/data-structure/rotate-a-linked-list/"
"count-good-numbers","Q-222","Count Good Numbers",7,"Recursion [PatternWise]","Get a Strong Hold","Medium","https://leetcode.com/problems/count-good-numbers/","https://takeuforward.org/data-structure/count-good-numbers"
"pow-x-n","Q-2855","Pow(x, n)",7,"Recursion [PatternWise]","Get a Strong Hold","Easy","https://leetcode.com/problems/powx-n/","https://takeuforward.org/data-structure/implement-powxn-x-raised-to-the-power-n/"
"recursive-implementation-of-atoi","Q-2862","Recursive Implementation of atoi()",7,"Recursion [PatternWise]","Get a Strong Hold","Medium","https://leetcode.com/problems/string-to-integer-atoi/","https://takeuforward.org/data-structure/recursive-implementation-of-atoi"
"reverse-a-stack","Q-901","Reverse a Stack",7,"Recursion [PatternWise]","Get a Strong Hold","Medium","","https://takeuforward.org/data-structure/reverse-a-stack-using-recursion"
"sort-a-stack-using-recursion","Q-2858","Sort a stack using recursion",7,"Recursion [PatternWise]","Get a Strong Hold","Medium","","https://takeuforward.org/data-structure/sort-a-stack"
"check-if-there-exists-a-subsequence-with-sum-k","Q-879","Check if there exists a subsequence with sum K",7,"Recursion [PatternWise]","Subsequences Pattern","Easy","","https://takeuforward.org/data-structure/check-if-there-exists-a-subsequence-with-sum-k"
"combination-sum","Q-864","Combination Sum",7,"Recursion [PatternWise]","Subsequences Pattern","Medium","https://leetcode.com/problems/combination-sum/","https://takeuforward.org/data-structure/combination-sum-1/"
"combination-sum-ii","Q-865","Combination Sum II",7,"Recursion [PatternWise]","Subsequences Pattern","Medium","https://leetcode.com/problems/combination-sum-ii/","https://takeuforward.org/data-structure/combination-sum-ii-find-all-unique-combinations/"
"combination-sum-iii","Q-866","Combination Sum III",7,"Recursion [PatternWise]","Subsequences Pattern","Medium","https://leetcode.com/problems/combination-sum-iii/","https://takeuforward.org/data-structure/combination-sum-iii"
"count-all-subsequences-with-sum-k","Q-880","Count all subsequences with sum K",7,"Recursion [PatternWise]","Subsequences Pattern","Easy","","https://takeuforward.org/data-structure/count-all-subsequences-with-sum-k"
"generate-binary-strings-without-consecutive-1s","Q-493","Generate Binary Strings Without Consecutive 1s",7,"Recursion [PatternWise]","Subsequences Pattern","Medium","","https://takeuforward.org/data-structure/generate-all-binary-strings"
"generate-parentheses","Q-876","Generate Parentheses",7,"Recursion [PatternWise]","Subsequences Pattern","Medium","https://leetcode.com/problems/generate-parentheses/","https://takeuforward.org/data-structure/generate-parenthesis"
"learn-all-patterns-of-subsequences-theory","Q-2400","Learn All Patterns of Subsequences (Theory)",7,"Recursion [PatternWise]","Subsequences Pattern","Easy","","https://takeuforward.org/data-structure/learn-all-patterns-of-subsequences-theory"
"letter-combinations-of-a-phone-number","Q-875","Letter Combinations of a Phone Number",7,"Recursion [PatternWise]","Subsequences Pattern","Hard","https://leetcode.com/problems/letter-combinations-of-a-phone-number/","https://takeuforward.org/data-structure/letter-combinations-of-a-phone-number"
"power-set","Q-878","Power Set",7,"Recursion [PatternWise]","Subsequences Pattern","Medium","","https://takeuforward.org/data-structure/power-set-print-all-the-possible-subsequences-of-the-string/"
"subsets-i","Q-867","Subsets I",7,"Recursion [PatternWise]","Subsequences Pattern","Medium","","https://takeuforward.org/data-structure/subset-sum-sum-of-all-subsets/"
"subsets-ii","Q-868","Subsets II",7,"Recursion [PatternWise]","Subsequences Pattern","Medium","https://leetcode.com/problems/subsets-ii/","https://takeuforward.org/data-structure/subset-ii-print-all-the-unique-subsets/"
"expression-add-operators","Q-3","Expression Add Operators",7,"Recursion [PatternWise]","Trying out all Combos / Hard","Hard","https://leetcode.com/problems/expression-add-operators/","https://takeuforward.org/data-structure/expression-add-operators"
"m-coloring-problem","Q-869","M Coloring Problem",7,"Recursion [PatternWise]","Trying out all Combos / Hard","Hard","","https://takeuforward.org/data-structure/m-coloring-problem/"
"n-queen","Q-870","N Queen",7,"Recursion [PatternWise]","Trying out all Combos / Hard","Hard","https://leetcode.com/problems/n-queens/","https://takeuforward.org/data-structure/n-queen-problem-return-all-distinct-solutions-to-the-n-queens-puzzle/"
"rat-in-a-maze","Q-872","Rat in a Maze",7,"Recursion [PatternWise]","Trying out all Combos / Hard","Hard","","https://takeuforward.org/data-structure/rat-in-a-maze/"
"sudoku-solver","Q-873","Sudoku Solver",7,"Recursion [PatternWise]","Trying out all Combos / Hard","Hard","https://leetcode.com/problems/sudoku-solver/","https://takeuforward.org/data-structure/sudoku-solver/"
"word-search","Q-874","Word Search",7,"Recursion [PatternWise]","Trying out all Combos / Hard","Hard","https://leetcode.com/problems/word-search/","https://takeuforward.org/data-structure/word-search-leetcode/"
"check-if-a-number-is-odd-or-not","Q-171","Check if a Number is Odd or Not",8,"Bit Manipulation [Concepts & Problems]","Learn Bit Manipulation","Easy","","https://takeuforward.org/data-structure/check-if-a-number-is-odd-or-not"
"check-if-a-number-is-power-of-2-or-not","Q-172","Check if a Number is Power of 2 or Not",8,"Bit Manipulation [Concepts & Problems]","Learn Bit Manipulation","Easy","https://leetcode.com/problems/power-of-two/","https://takeuforward.org/data-structure/check-if-a-number-is-power-of-2-or-not"
"check-if-the-i-th-bit-is-set-or-not","Q-177","Check if the i-th bit is Set or Not",8,"Bit Manipulation [Concepts & Problems]","Learn Bit Manipulation","Easy","","https://takeuforward.org/data-structure/check-if-the-i-th-bit-is-set-or-not"
"count-the-number-of-set-bits","Q-243","Count the Number of Set Bits",8,"Bit Manipulation [Concepts & Problems]","Learn Bit Manipulation","Easy","","https://takeuforward.org/data-structure/count-the-number-of-set-bits"
"divide-two-numbers-without-multiplication-and-division","Q-140","Divide two numbers without multiplication and division",8,"Bit Manipulation [Concepts & Problems]","Learn Bit Manipulation","Medium","https://leetcode.com/problems/divide-two-integers/","https://takeuforward.org/data-structure/divide-two-integers-without-using-multiplication-division-and-mod-operator"
"introduction-to-bits-and-tricks","Q-1155","Introduction to Bits and Tricks",8,"Bit Manipulation [Concepts & Problems]","Learn Bit Manipulation","Easy","","https://takeuforward.org/data-structure/introduction-to-bit-manipulation-theory"
"set-unset-the-rightmost-unset-bit","Q-2410","Set/Unset the rightmost unset bit",8,"Bit Manipulation [Concepts & Problems]","Learn Bit Manipulation","Easy","","https://takeuforward.org/data-structure/set-the-rightmost-bit"
"swap-two-numbers","Q-1005","Swap Two Numbers",8,"Bit Manipulation [Concepts & Problems]","Learn Bit Manipulation","Easy","","https://takeuforward.org/data-structure/swap-two-numbers"
"minimum-bit-flips-to-convert-number","Q-141","Minimum Bit Flips to Convert Number",8,"Bit Manipulation [Concepts & Problems]","Interview Problems","Medium","https://leetcode.com/problems/minimum-bit-flips-to-convert-number/","https://takeuforward.org/data-structure/count-number-of-bits-to-be-flipped-to-convert-a-to-b"
"power-set-bit-manipulation","Q-142","Power Set Bit Manipulation",8,"Bit Manipulation [Concepts & Problems]","Interview Problems","Medium","https://leetcode.com/problems/subsets/","https://takeuforward.org/bit-manipulation/power-set-bit-manipulation"
"single-number-i","Q-143","Single Number - I",8,"Bit Manipulation [Concepts & Problems]","Interview Problems","Medium","https://leetcode.com/problems/single-number/","https://takeuforward.org/arrays/find-the-number-that-appears-once-and-the-other-numbers-twice/"
"single-number-iii","Q-145","Single Number - III",8,"Bit Manipulation [Concepts & Problems]","Interview Problems","Medium","","https://takeuforward.org/data-structure/find-the-two-numbers-appearing-odd-number-of-times"
"xor-of-numbers-in-a-given-range","Q-146","XOR of numbers in a given range",8,"Bit Manipulation [Concepts & Problems]","Interview Problems","Medium","","https://takeuforward.org/data-structure/find-xor-of-numbers-from-l-to-r"
"count-primes-in-range-l-to-r","Q-651","Count primes in range L to R",8,"Bit Manipulation [Concepts & Problems]","Advanced Maths","Hard","https://leetcode.com/problems/count-primes/","https://takeuforward.org/data-structure/sieve-of-eratosthenes"
"divisors-of-a-number","Q-370","Divisors of a Number",8,"Bit Manipulation [Concepts & Problems]","Advanced Maths","Easy","","https://takeuforward.org/data-structure/print-all-divisors-of-a-given-number/"
"pow-x-n-877","Q-877","Pow(x,n)",8,"Bit Manipulation [Concepts & Problems]","Advanced Maths","Medium","https://leetcode.com/problems/powx-n/","https://takeuforward.org/data-structure/implement-powxn-x-raised-to-the-power-n/"
"prime-factorisation-of-a-number","Q-652","Prime factorisation of a Number",8,"Bit Manipulation [Concepts & Problems]","Advanced Maths","Hard","","https://takeuforward.org/data-structure/find-the-two-numbers-appearing-odd-number-of-times"
"print-prime-factors-of-a-number","Q-2853","Print Prime Factors of a Number",8,"Bit Manipulation [Concepts & Problems]","Advanced Maths","Hard","","https://takeuforward.org/data-structure/find-the-two-numbers-appearing-odd-number-of-times"
"balanced-paranthesis","Q-966","Balanced Paranthesis",9,"Stack and Queues [Learning, Pre-In-Post-fix, Monotonic Stack, Implementation]","Learning","Easy","https://leetcode.com/problems/valid-parentheses/","https://takeuforward.org/data-structure/check-for-balanced-parentheses/"
"implement-min-stack","Q-958","Implement Min Stack",9,"Stack and Queues [Learning, Pre-In-Post-fix, Monotonic Stack, Implementation]","Learning","Hard","https://leetcode.com/problems/min-stack/","https://takeuforward.org/data-structure/implement-min-stack-o2n-and-on-space-complexity/"
"implement-queue-using-arrays","Q-387","Implement Queue using Arrays",9,"Stack and Queues [Learning, Pre-In-Post-fix, Monotonic Stack, Implementation]","Learning","Easy","","https://takeuforward.org/data-structure/implement-queue-using-array/"
"implement-queue-using-linkedlist","Q-388","Implement queue using Linkedlist",9,"Stack and Queues [Learning, Pre-In-Post-fix, Monotonic Stack, Implementation]","Learning","Easy","","https://takeuforward.org/data-structure/implement-queue-using-linked-list/"
"implement-queue-using-stack","Q-389","Implement Queue using Stack",9,"Stack and Queues [Learning, Pre-In-Post-fix, Monotonic Stack, Implementation]","Learning","Easy","https://leetcode.com/problems/implement-queue-using-stacks/","https://takeuforward.org/data-structure/implement-queue-using-stack/"
"implement-stack-using-arrays","Q-390","Implement Stack using Arrays",9,"Stack and Queues [Learning, Pre-In-Post-fix, Monotonic Stack, Implementation]","Learning","Easy","","https://takeuforward.org/data-structure/implement-stack-using-array/"
"implement-stack-using-linkedlist","Q-391","Implement stack using Linkedlist",9,"Stack and Queues [Learning, Pre-In-Post-fix, Monotonic Stack, Implementation]","Learning","Easy","","https://takeuforward.org/data-structure/implement-stack-using-linked-list/"
"implement-stack-using-queue","Q-392","Implement Stack using Queue",9,"Stack and Queues [Learning, Pre-In-Post-fix, Monotonic Stack, Implementation]","Learning","Easy","https://leetcode.com/problems/implement-stack-using-queues/","https://takeuforward.org/data-structure/implement-stack-using-single-queue"
"infix-to-postfix-conversion","Q-586","Infix to Postfix Conversion",9,"Stack and Queues [Learning, Pre-In-Post-fix, Monotonic Stack, Implementation]","Prefix, Infix, PostFix Conversion Problems","Medium","","https://takeuforward.org/data-structure/infix-to-postfix/"
"infix-to-prefix-conversion","Q-587","Infix to Prefix Conversion",9,"Stack and Queues [Learning, Pre-In-Post-fix, Monotonic Stack, Implementation]","Prefix, Infix, PostFix Conversion Problems","Medium","","https://takeuforward.org/data-structure/infix-to-prefix/"
"postfix-to-infix-conversion","Q-824","Postfix to Infix Conversion",9,"Stack and Queues [Learning, Pre-In-Post-fix, Monotonic Stack, Implementation]","Prefix, Infix, PostFix Conversion Problems","Easy","","https://takeuforward.org/data-structure/postfix-to-infix"
"postfix-to-prefix-conversion","Q-825","Postfix to Prefix Conversion",9,"Stack and Queues [Learning, Pre-In-Post-fix, Monotonic Stack, Implementation]","Prefix, Infix, PostFix Conversion Problems","Medium","","https://takeuforward.org/data-structure/postfix-to-prefix-conversion"
"prefix-to-infix-conversion","Q-848","Prefix to Infix Conversion",9,"Stack and Queues [Learning, Pre-In-Post-fix, Monotonic Stack, Implementation]","Prefix, Infix, PostFix Conversion Problems","Medium","","https://takeuforward.org/data-structure/prefix-to-infix-conversion"
"prefix-to-postfix-conversion","Q-849","Prefix to Postfix Conversion",9,"Stack and Queues [Learning, Pre-In-Post-fix, Monotonic Stack, Implementation]","Prefix, Infix, PostFix Conversion Problems","Medium","","https://takeuforward.org/data-structure/prefix-to-postfix-conversion"
"asteroid-collision","Q-967","Asteroid Collision",9,"Stack and Queues [Learning, Pre-In-Post-fix, Monotonic Stack, Implementation]","Monotonic Stack/Queue Problems [VVV. Imp]","Medium","https://leetcode.com/problems/asteroid-collision/","https://takeuforward.org/data-structure/asteroid-collision"
"largest-rectangle-in-a-histogram","Q-959","Largest rectangle in a histogram",9,"Stack and Queues [Learning, Pre-In-Post-fix, Monotonic Stack, Implementation]","Monotonic Stack/Queue Problems [VVV. Imp]","Hard","https://leetcode.com/problems/largest-rectangle-in-histogram/","https://takeuforward.org/data-structure/area-of-largest-rectangle-in-histogram/"
"maximum-rectangles","Q-962","Maximum Rectangles",9,"Stack and Queues [Learning, Pre-In-Post-fix, Monotonic Stack, Implementation]","Monotonic Stack/Queue Problems [VVV. Imp]","Hard","https://leetcode.com/problems/maximal-rectangle/","https://takeuforward.org/data-structure/maximum-rectangle-area-with-all-1s-dp-on-rectangles-dp-55/"
"next-greater-element","Q-968","Next Greater Element",9,"Stack and Queues [Learning, Pre-In-Post-fix, Monotonic Stack, Implementation]","Monotonic Stack/Queue Problems [VVV. Imp]","Medium","https://leetcode.com/problems/next-greater-element-i/","https://takeuforward.org/data-structure/next-greater-element-using-stack/"
"next-greater-element-2","Q-969","Next Greater Element - 2",9,"Stack and Queues [Learning, Pre-In-Post-fix, Monotonic Stack, Implementation]","Monotonic Stack/Queue Problems [VVV. Imp]","Medium","https://leetcode.com/problems/next-greater-element-ii/","https://takeuforward.org/data-structure/next-greater-element-2"
"next-smaller-element","Q-768","Next Smaller Element",9,"Stack and Queues [Learning, Pre-In-Post-fix, Monotonic Stack, Implementation]","Monotonic Stack/Queue Problems [VVV. Imp]","Medium","","https://takeuforward.org/data-structure/next-smaller-element"
"number-of-greater-elements-to-the-right","Q-285","Number of Greater Elements to the Right",9,"Stack and Queues [Learning, Pre-In-Post-fix, Monotonic Stack, Implementation]","Monotonic Stack/Queue Problems [VVV. Imp]","Easy","","https://takeuforward.org/data-structure/number-of-nges-to-the-right"
"remove-k-digits","Q-970","Remove K Digits",9,"Stack and Queues [Learning, Pre-In-Post-fix, Monotonic Stack, Implementation]","Monotonic Stack/Queue Problems [VVV. Imp]","Medium","https://leetcode.com/problems/remove-k-digits/","https://takeuforward.org/data-structure/remove-k-digits"
"sum-of-subarray-minimums","Q-971","Sum of Subarray Minimums",9,"Stack and Queues [Learning, Pre-In-Post-fix, Monotonic Stack, Implementation]","Monotonic Stack/Queue Problems [VVV. Imp]","Medium","https://leetcode.com/problems/sum-of-subarray-minimums/","https://takeuforward.org/data-structure/sum-of-subarray-minimums"
"sum-of-subarray-ranges","Q-972","Sum of Subarray Ranges",9,"Stack and Queues [Learning, Pre-In-Post-fix, Monotonic Stack, Implementation]","Monotonic Stack/Queue Problems [VVV. Imp]","Medium","https://leetcode.com/problems/sum-of-subarray-ranges/","https://takeuforward.org/data-structure/sum-of-subarray-ranges"
"trapping-rainwater","Q-965","Trapping Rainwater",9,"Stack and Queues [Learning, Pre-In-Post-fix, Monotonic Stack, Implementation]","Monotonic Stack/Queue Problems [VVV. Imp]","Hard","https://leetcode.com/problems/trapping-rain-water/","https://takeuforward.org/data-structure/trapping-rainwater/"
"celebrity-problem","Q-957","Celebrity Problem",9,"Stack and Queues [Learning, Pre-In-Post-fix, Monotonic Stack, Implementation]","Implementation Problems","Hard","https://leetcode.com/accounts/login/?next=/problems/find-the-celebrity/","https://takeuforward.org/data-structure/celebrity-problem"
"lfu-cache","Q-960","LFU Cache",9,"Stack and Queues [Learning, Pre-In-Post-fix, Monotonic Stack, Implementation]","Implementation Problems","Hard","https://leetcode.com/problems/lfu-cache/","https://takeuforward.org/data-structure/lfu-cache"
"lru-cache","Q-961","LRU Cache",9,"Stack and Queues [Learning, Pre-In-Post-fix, Monotonic Stack, Implementation]","Implementation Problems","Medium","","https://takeuforward.org/data-structure/program-for-least-recently-used-lru-page-replacement-algorithm"
"sliding-window-maximum","Q-963","Sliding Window Maximum",9,"Stack and Queues [Learning, Pre-In-Post-fix, Monotonic Stack, Implementation]","Implementation Problems","Hard","https://leetcode.com/problems/sliding-window-maximum/","https://takeuforward.org/data-structure/sliding-window-maximum/"
"stock-span-problem","Q-964","Stock span problem",9,"Stack and Queues [Learning, Pre-In-Post-fix, Monotonic Stack, Implementation]","Implementation Problems","Hard","https://leetcode.com/problems/online-stock-span/","https://takeuforward.org/data-structure/stock-span-problem"
"binary-subarrays-with-sum","Q-923","Binary Subarrays With Sum",10,"Sliding Window & Two Pointer Combined Problems","Medium Problems","Hard","https://leetcode.com/problems/binary-subarrays-with-sum/","https://takeuforward.org/data-structure/binary-subarray-with-sum"
"count-number-of-nice-subarrays","Q-924","Count number of Nice subarrays",10,"Sliding Window & Two Pointer Combined Problems","Medium Problems","Hard","https://leetcode.com/problems/count-number-of-nice-subarrays/","https://takeuforward.org/data-structure/count-number-of-nice-subarrays"
"fruit-into-baskets","Q-926","Fruit Into Baskets",10,"Sliding Window & Two Pointer Combined Problems","Medium Problems","Medium","https://leetcode.com/problems/fruit-into-baskets/description/","https://takeuforward.org/data-structure/fruit-into-baskets"
"longest-repeating-character-replacement","Q-927","Longest Repeating Character Replacement",10,"Sliding Window & Two Pointer Combined Problems","Medium Problems","Hard","https://leetcode.com/problems/longest-repeating-character-replacement/","https://takeuforward.org/data-structure/longest-repeating-character-replacement"
"longest-substring-without-repeating-characters","Q-2857","Longest Substring Without Repeating Characters",10,"Sliding Window & Two Pointer Combined Problems","Medium Problems","Medium","https://leetcode.com/problems/longest-substring-without-repeating-characters/","https://takeuforward.org/data-structure/length-of-longest-substring-without-any-repeating-character/"
"max-consecutive-ones-iii","Q-930","Max Consecutive Ones III",10,"Sliding Window & Two Pointer Combined Problems","Medium Problems","Medium","https://leetcode.com/problems/max-consecutive-ones-iii/","https://takeuforward.org/data-structure/max-consecutive-ones-iii"
"maximum-points-you-can-obtain-from-cards","Q-922","Maximum Points You Can Obtain from Cards",10,"Sliding Window & Two Pointer Combined Problems","Medium Problems","Medium","https://leetcode.com/problems/maximum-points-you-can-obtain-from-cards/","https://takeuforward.org/data-structure/maximum-point-you-can-obtain-from-cards"
"number-of-substrings-containing-all-three-characters","Q-925","Number of Substrings Containing All Three Characters",10,"Sliding Window & Two Pointer Combined Problems","Medium Problems","Hard","https://leetcode.com/problems/number-of-substrings-containing-all-three-characters/","https://takeuforward.org/data-structure/number-of-substring-containing-all-three-characters"
"longest-substring-with-at-most-k-distinct-characters","Q-928","Longest Substring With At Most K Distinct Characters",10,"Sliding Window & Two Pointer Combined Problems","Hard Problems","Hard","https://leetcode.com/problems/longest-substring-with-at-most-k-distinct-characters/","https://takeuforward.org/data-structure/longest-substring-with-at-most-k-distinct-characters"
"subarrays-with-k-different-integers","Q-988","Subarrays with K Different Integers",10,"Sliding Window & Two Pointer Combined Problems","Hard Problems","Medium","https://leetcode.com/problems/subarrays-with-k-different-integers/","https://takeuforward.org/data-structure/subarray-with-k-different-integers"
"check-if-an-array-represents-a-min-heap","Q-571","Check if an array represents a min heap",11,"Heaps [Learning, Medium, Hard Problems]","Learning","Medium","","https://takeuforward.org/data-structure/check-if-an-array-represents-a-min-heap"
"heaps-theory-video","Q-1223","Heaps (Theory Video)",11,"Heaps [Learning, Medium, Hard Problems]","Learning","Easy","","https://takeuforward.org/data-structure/introduction-to-priority-queues-using-binary-heaps"
"hand-of-straights","Q-556","Hand of Straights",11,"Heaps [Learning, Medium, Hard Problems]","Medium Problems","Medium","https://leetcode.com/problems/hand-of-straights/","https://takeuforward.org/data-structure/hands-of-straights"
"k-th-largest-element-in-an-array","Q-578","K-th Largest element in an array",11,"Heaps [Learning, Medium, Hard Problems]","Medium Problems","Medium","","https://takeuforward.org/data-structure/kth-largest-smallest-element-in-an-array/"
"kth-smallest-element-in-an-array-use-priority-queue","Q-2840","Kth smallest element in an array [use priority queue]",11,"Heaps [Learning, Medium, Hard Problems]","Medium Problems","Medium","","https://takeuforward.org/data-structure/kth-largest-smallest-element-in-an-array/"
"merge-k-sorted-lists","Q-569","Merge K sorted Lists",11,"Heaps [Learning, Medium, Hard Problems]","Medium Problems","Hard","https://leetcode.com/problems/merge-k-sorted-lists/","https://takeuforward.org/data-structure/merge-m-sorted-lists"
"replace-elements-by-their-rank","Q-898","Replace Elements by Their Rank",11,"Heaps [Learning, Medium, Hard Problems]","Medium Problems","Easy","","https://takeuforward.org/data-structure/replace-elements-by-its-rank-in-the-array/"
"sort-k-sorted-array","Q-2409","Sort K sorted array",11,"Heaps [Learning, Medium, Hard Problems]","Medium Problems","Easy","","https://takeuforward.org/data-structure/sort-k-sorted-array"
"task-scheduler","Q-1008","Task Scheduler",11,"Heaps [Learning, Medium, Hard Problems]","Medium Problems","Medium","https://leetcode.com/problems/task-scheduler/","https://takeuforward.org/data-structure/task-scheduler"
"design-twitter","Q-565","Design Twitter",11,"Heaps [Learning, Medium, Hard Problems]","Hard Problems","Medium","https://leetcode.com/problems/design-twitter/","https://takeuforward.org/data-structure/design-twitter"
"find-median-from-data-stream","Q-566","Find Median from Data Stream",11,"Heaps [Learning, Medium, Hard Problems]","Hard Problems","Hard","https://leetcode.com/problems/find-median-from-data-stream/","https://takeuforward.org/data-structure/find-median-from-data-stream"
"kth-largest-element-in-a-stream-of-running-integers","Q-2838","Kth largest element in a stream of running integers",11,"Heaps [Learning, Medium, Hard Problems]","Hard Problems","Hard","https://leetcode.com/problems/kth-largest-element-in-a-stream/#:~:text=Implement%20KthLargest%20class%3A,largest%20element%20in%20the%20stream.","https://takeuforward.org/data-structure/kth-largest-element-in-a-stream-of-running-integers"
"maximum-sum-combination","Q-568","Maximum Sum Combination",11,"Heaps [Learning, Medium, Hard Problems]","Hard Problems","Hard","","https://takeuforward.org/data-structure/maximum-sum-combination"
"minimum-cost-to-connect-sticks","Q-755","Minimum Cost to Connect Sticks",11,"Heaps [Learning, Medium, Hard Problems]","Hard Problems","Medium","","https://takeuforward.org/data-structure/minimum-cost-to-connect-sticks"
"top-k-frequent-elements","Q-1018","Top K Frequent Elements",11,"Heaps [Learning, Medium, Hard Problems]","Hard Problems","Medium","https://leetcode.com/problems/top-k-frequent-elements/","https://takeuforward.org/data-structure/top-k-frequent-elements"
"assign-cookies","Q-2834","Assign Cookies",12,"Greedy Algorithms [Easy, Medium/Hard]","Easy Problems","Easy","https://leetcode.com/problems/assign-cookies/","https://takeuforward.org/data-structure/assign-cookies"
"fractional-knapsack","Q-489","Fractional Knapsack",12,"Greedy Algorithms [Easy, Medium/Hard]","Easy Problems","Medium","","https://takeuforward.org/data-structure/fractional-knapsack-problem-greedy-approach/"
"lemonade-change","Q-543","Lemonade Change",12,"Greedy Algorithms [Easy, Medium/Hard]","Easy Problems","Easy","https://leetcode.com/problems/lemonade-change/","https://takeuforward.org/Greedy/lemonade-change"
"valid-paranthesis-checker","Q-545","Valid Paranthesis Checker",12,"Greedy Algorithms [Easy, Medium/Hard]","Easy Problems","Hard","https://leetcode.com/problems/valid-parenthesis-string/","https://takeuforward.org/data-structure/valid-paranthesis-checker"
"candy","Q-544","Candy",12,"Greedy Algorithms [Easy, Medium/Hard]","Medium/Hard","Hard","https://leetcode.com/problems/candy/","https://takeuforward.org/data-structure/candy"
"insert-interval","Q-546","Insert Interval",12,"Greedy Algorithms [Easy, Medium/Hard]","Medium/Hard","Medium","https://leetcode.com/problems/insert-interval/","https://takeuforward.org/data-structure/insert-new-interval"
"job-sequencing-problem","Q-547","Job sequencing Problem",12,"Greedy Algorithms [Easy, Medium/Hard]","Medium/Hard","Medium","","https://takeuforward.org/data-structure/job-sequencing-problem/"
"jump-game-i","Q-542","Jump Game - I",12,"Greedy Algorithms [Easy, Medium/Hard]","Medium/Hard","Easy","https://leetcode.com/problems/jump-game/","https://takeuforward.org/Greedy/jump-game-i"
"jump-game-ii","Q-595","Jump Game II",12,"Greedy Algorithms [Easy, Medium/Hard]","Medium/Hard","Medium","https://leetcode.com/problems/jump-game-ii/","https://takeuforward.org/data-structure/jump-game-2"
"merge-intervals","Q-712","Merge Intervals",12,"Greedy Algorithms [Easy, Medium/Hard]","Medium/Hard","Medium","https://leetcode.com/problems/merge-intervals/","https://takeuforward.org/data-structure/merge-overlapping-sub-intervals/"
"minimum-number-of-platforms-required-for-a-railway","Q-548","Minimum number of platforms required for a railway",12,"Greedy Algorithms [Easy, Medium/Hard]","Medium/Hard","Medium","","https://takeuforward.org/data-structure/minimum-number-of-platforms-required-for-a-railway/"
"n-meetings-in-one-room","Q-549","N meetings in one room",12,"Greedy Algorithms [Easy, Medium/Hard]","Medium/Hard","Medium","","https://takeuforward.org/data-structure/n-meetings-in-one-room/"
"non-overlapping-intervals","Q-550","Non-overlapping Intervals",12,"Greedy Algorithms [Easy, Medium/Hard]","Medium/Hard","Medium","https://leetcode.com/problems/non-overlapping-intervals/","https://takeuforward.org/data-structure/non-overlapping-intervals"
"program-for-least-recently-used-lru-page-replacement-algorithm","Q-2859","Program for Least Recently Used (LRU) Page Replacement Algorithm",12,"Greedy Algorithms [Easy, Medium/Hard]","Medium/Hard","Medium","","https://takeuforward.org/data-structure/program-for-least-recently-used-lru-page-replacement-algorithm"
"shortest-job-first","Q-551","Shortest Job First",12,"Greedy Algorithms [Easy, Medium/Hard]","Medium/Hard","Medium","","https://takeuforward.org/Greedy/shortest-job-first-or-sjf-cpu-scheduling"
"binary-tree-representation-in-java","Q-2864","Binary Tree Representation in Java",13,"Binary Trees [Traversals, Medium and Hard Problems]","Traversals","Easy","","https://takeuforward.org/binary-tree/binary-tree-representation-in-java/"
"inorder-traversal-of-binary-tree","Q-2785","Inorder Traversal of Binary Tree",13,"Binary Trees [Traversals, Medium and Hard Problems]","Traversals","Easy","https://leetcode.com/problems/binary-tree-inorder-traversal/","https://takeuforward.org/data-structure/inorder-traversal-of-binary-tree/"
"introduction-to-trees","Q-2865","Introduction to Trees",13,"Binary Trees [Traversals, Medium and Hard Problems]","Traversals","Easy","","https://takeuforward.org/binary-tree/introduction-to-trees/"
"iterative-inorder-traversal-of-binary-tree","Q-2786","Iterative Inorder Traversal of Binary Tree",13,"Binary Trees [Traversals, Medium and Hard Problems]","Traversals","Easy","https://leetcode.com/problems/binary-tree-inorder-traversal/","https://takeuforward.org/data-structure/inorder-traversal-of-binary-tree/"
"iterative-preorder-traversal-of-binary-tree","Q-2872","Iterative Preorder Traversal of Binary Tree",13,"Binary Trees [Traversals, Medium and Hard Problems]","Traversals","Easy","https://leetcode.com/problems/binary-tree-preorder-traversal/","https://takeuforward.org/data-structure/iterative-preorder-traversal-of-binary-tree"
"level-order-traversal","Q-134","Level Order Traversal",13,"Binary Trees [Traversals, Medium and Hard Problems]","Traversals","Easy","https://leetcode.com/problems/binary-tree-level-order-traversal/","https://takeuforward.org/data-structure/level-order-traversal-of-a-binary-tree/"
"post-order-traversal-of-binary-tree-using-1-stack","Q-2787","Post-order Traversal of Binary Tree using 1 stack",13,"Binary Trees [Traversals, Medium and Hard Problems]","Traversals","Easy","https://leetcode.com/problems/binary-tree-postorder-traversal/","https://takeuforward.org/data-structure/post-order-traversal-of-binary-tree/"
"post-order-traversal-of-binary-tree-using-2-stack","Q-2788","Post-order Traversal of Binary Tree using 2 stack",13,"Binary Trees [Traversals, Medium and Hard Problems]","Traversals","Easy","https://leetcode.com/problems/binary-tree-postorder-traversal/","https://takeuforward.org/data-structure/iterative-postorder-traversal-of-binary-tree-using-2-stack"
"postorder-traversal","Q-135","Postorder Traversal",13,"Binary Trees [Traversals, Medium and Hard Problems]","Traversals","Easy","https://leetcode.com/problems/binary-tree-postorder-traversal/","https://takeuforward.org/data-structure/iterative-postorder-traversal-of-binary-tree-using-2-stack"
"pre-post-inorder-in-one-traversal","Q-136","Pre, Post, Inorder in one traversal",13,"Binary Trees [Traversals, Medium and Hard Problems]","Traversals","Easy","","https://takeuforward.org/data-structure/preorder-inorder-postorder-traversals-in-one-traversal/"
"preorder-inorder-and-postorder-traversal-in-one-traversal","Q-2789","Preorder, Inorder, and Postorder Traversal in one Traversal",13,"Binary Trees [Traversals, Medium and Hard Problems]","Traversals","Easy","","https://takeuforward.org/data-structure/preorder-inorder-postorder-traversals-in-one-traversal/"
"preorder-traversal","Q-137","Preorder Traversal",13,"Binary Trees [Traversals, Medium and Hard Problems]","Traversals","Easy","https://leetcode.com/problems/binary-tree-preorder-traversal/","https://takeuforward.org/data-structure/preorder-traversal-of-binary-tree/"
"bottom-view-of-bt","Q-115","Bottom view of BT",13,"Binary Trees [Traversals, Medium and Hard Problems]","Medium Problems","Medium","","https://takeuforward.org/data-structure/bottom-view-of-a-binary-tree/"
"boundary-traversal","Q-116","Boundary Traversal",13,"Binary Trees [Traversals, Medium and Hard Problems]","Medium Problems","Medium","https://leetcode.com/problems/boundary-of-binary-tree/","https://takeuforward.org/data-structure/boundary-traversal-of-a-binary-tree/"
"check-for-balanced-binary-tree","Q-127","Check for balanced binary tree",13,"Binary Trees [Traversals, Medium and Hard Problems]","Medium Problems","Medium","https://leetcode.com/problems/balanced-binary-tree/","https://takeuforward.org/data-structure/check-if-the-binary-tree-is-balanced-binary-tree/"
"check-if-two-trees-are-identical-or-not","Q-129","Check if two trees are identical or not",13,"Binary Trees [Traversals, Medium and Hard Problems]","Medium Problems","Medium","https://leetcode.com/problems/same-tree/","https://takeuforward.org/data-structure/check-if-two-trees-are-identical/"
"diameter-of-binary-tree","Q-130","Diameter of Binary Tree",13,"Binary Trees [Traversals, Medium and Hard Problems]","Medium Problems","Easy","https://leetcode.com/problems/diameter-of-binary-tree/","https://takeuforward.org/data-structure/calculate-the-diameter-of-a-binary-tree/"
"maximum-depth-in-bt","Q-131","Maximum Depth in BT",13,"Binary Trees [Traversals, Medium and Hard Problems]","Medium Problems","Medium","https://leetcode.com/problems/maximum-depth-of-binary-tree/","https://takeuforward.org/data-structure/maximum-depth-of-a-binary-tree/"
"maximum-path-sum","Q-132","Maximum path sum",13,"Binary Trees [Traversals, Medium and Hard Problems]","Medium Problems","Medium","https://leetcode.com/problems/binary-tree-maximum-path-sum/","https://takeuforward.org/data-structure/maximum-sum-path-in-binary-tree/"
"right-left-view-of-binary-tree","Q-2782","Right/Left View of Binary Tree",13,"Binary Trees [Traversals, Medium and Hard Problems]","Medium Problems","Medium","https://leetcode.com/problems/binary-tree-right-side-view/","https://takeuforward.org/data-structure/right-left-view-of-binary-tree/"
"symmetric-binary-tree","Q-2784","Symmetric Binary Tree",13,"Binary Trees [Traversals, Medium and Hard Problems]","Medium Problems","Medium","https://leetcode.com/problems/symmetric-tree/","https://takeuforward.org/data-structure/check-for-symmetrical-binary-tree/"
"top-view-of-bt","Q-124","Top View of BT",13,"Binary Trees [Traversals, Medium and Hard Problems]","Medium Problems","Medium","","https://takeuforward.org/data-structure/top-view-of-a-binary-tree/"
"vertical-order-traversal","Q-125","Vertical Order Traversal",13,"Binary Trees [Traversals, Medium and Hard Problems]","Medium Problems","Medium","https://leetcode.com/problems/vertical-order-traversal-of-a-binary-tree/","https://takeuforward.org/data-structure/vertical-order-traversal-of-binary-tree/"
"zig-zag-or-spiral-traversal","Q-126","Zig Zag or Spiral Traversal",13,"Binary Trees [Traversals, Medium and Hard Problems]","Medium Problems","Medium","https://leetcode.com/problems/binary-tree-zigzag-level-order-traversal/","https://takeuforward.org/data-structure/zig-zag-traversal-of-binary-tree/"
"children-sum-property-in-binary-tree","Q-185","Children Sum Property in Binary Tree",13,"Binary Trees [Traversals, Medium and Hard Problems]","Hard Problems","Medium","","https://takeuforward.org/data-structure/check-for-children-sum-property-in-a-binary-tree/"
"construct-a-bt-from-preorder-and-inorder","Q-110","Construct a BT from Preorder and Inorder",13,"Binary Trees [Traversals, Medium and Hard Problems]","Hard Problems","Hard","https://leetcode.com/problems/construct-binary-tree-from-preorder-and-inorder-traversal/","https://takeuforward.org/data-structure/construct-a-binary-tree-from-inorder-and-preorder-traversal/"
"construct-the-binary-tree-from-postorder-and-inorder-traversal","Q-2781","Construct the Binary Tree from Postorder and Inorder Traversal",13,"Binary Trees [Traversals, Medium and Hard Problems]","Hard Problems","Hard","https://leetcode.com/problems/construct-binary-tree-from-inorder-and-postorder-traversal/","https://takeuforward.org/data-structure/construct-binary-tree-from-inorder-and-postorder-traversal/"
"count-total-nodes-in-a-complete-bt","Q-117","Count total nodes in a complete BT",13,"Binary Trees [Traversals, Medium and Hard Problems]","Hard Problems","Easy","https://leetcode.com/problems/count-complete-tree-nodes/","https://takeuforward.org/binary-tree/count-number-of-nodes-in-a-binary-tree/"
"flatten-binary-tree-to-linked-list","Q-486","Flatten Binary Tree to Linked List",13,"Binary Trees [Traversals, Medium and Hard Problems]","Hard Problems","Medium","https://leetcode.com/problems/flatten-binary-tree-to-linked-list/","https://takeuforward.org/data-structure/flatten-binary-tree-to-linked-list/"
"lca-in-bt","Q-118","LCA in BT",13,"Binary Trees [Traversals, Medium and Hard Problems]","Hard Problems","Hard","https://leetcode.com/problems/lowest-common-ancestor-of-a-binary-tree/","https://takeuforward.org/data-structure/lowest-common-ancestor-for-two-given-nodes/"
"maximum-width-of-bt","Q-119","Maximum Width of BT",13,"Binary Trees [Traversals, Medium and Hard Problems]","Hard Problems","Medium","https://leetcode.com/problems/maximum-width-of-binary-tree/","https://takeuforward.org/data-structure/maximum-width-of-a-binary-tree/"
"minimum-time-taken-to-burn-the-bt-from-a-given-node","Q-120","Minimum time taken to burn the BT from a given Node",13,"Binary Trees [Traversals, Medium and Hard Problems]","Hard Problems","Hard","","https://takeuforward.org/data-structure/minimum-time-taken-to-burn-the-binary-tree-from-a-node"
"morris-inorder-traversal-of-a-binary-tree","Q-2792","Morris Inorder Traversal of a Binary Tree",13,"Binary Trees [Traversals, Medium and Hard Problems]","Hard Problems","Hard","https://leetcode.com/problems/binary-tree-inorder-traversal/","https://takeuforward.org/data-structure/morris-inorder-traversal-of-a-binary-tree/"
"morris-preorder-traversal-of-a-binary-tree","Q-2791","Morris Preorder Traversal of a Binary Tree",13,"Binary Trees [Traversals, Medium and Hard Problems]","Hard Problems","Hard","https://leetcode.com/problems/binary-tree-inorder-traversal/","https://takeuforward.org/data-structure/morris-preorder-traversal-of-a-binary-tree/"
"print-all-nodes-at-a-distance-of-k-in-bt","Q-121","Print all nodes at a distance of K in BT",13,"Binary Trees [Traversals, Medium and Hard Problems]","Hard Problems","Hard","https://leetcode.com/problems/all-nodes-distance-k-in-binary-tree/","https://takeuforward.org/data-structure/print-all-the-nodes-at-a-distance-of-k-in-a-binary-tree"
"print-root-to-leaf-path-in-bt","Q-122","Print root to leaf path in BT",13,"Binary Trees [Traversals, Medium and Hard Problems]","Hard Problems","Medium","","https://takeuforward.org/data-structure/print-root-to-node-path-in-a-binary-tree/"
"serialize-and-de-serialize-bt","Q-112","Serialize and De-serialize BT",13,"Binary Trees [Traversals, Medium and Hard Problems]","Hard Problems","Hard","https://leetcode.com/problems/serialize-and-deserialize-binary-tree/","https://takeuforward.org/data-structure/serialize-and-deserialize-a-binary-tree/"
"find-min-max-in-bst","Q-2398","Find Min/Max in BST",14,"Binary Search Trees [Concept and Problems]","Concepts","Easy","","https://takeuforward.org/data-structure/find-minmax-in-a-bst"
"introduction-to-bst","Q-1153","Introduction to BST",14,"Binary Search Trees [Concept and Problems]","Concepts","Easy","","https://takeuforward.org/binary-search-tree/introduction-to-binary-search-trees/"
"search-in-a-binary-search-tree","Q-2780","Search in a Binary Search Tree",14,"Binary Search Trees [Concept and Problems]","Concepts","Easy","https://leetcode.com/problems/search-in-a-binary-search-tree/","https://takeuforward.org/data-structure/search-in-a-binary-search-tree-2/"
"floor-in-a-binary-search-tree","Q-2778","Floor in a Binary Search Tree",14,"Binary Search Trees [Concept and Problems]","Practice Problems","Easy","","https://takeuforward.org/binary-search-tree/floor-in-a-binary-search-tree/"
"inorder-successor-predecessor-in-bst","Q-2775","Inorder Successor/Predecessor in BST",14,"Binary Search Trees [Concept and Problems]","Practice Problems","Medium","https://leetcode.com/problems/inorder-successor-in-bst/","https://takeuforward.org/data-structure/inorder-successorpredecessor-in-bst"
"kth-smallest-and-largest-element-in-bst","Q-105","Kth Smallest and Largest element in BST",14,"Binary Search Trees [Concept and Problems]","Practice Problems","Medium","https://leetcode.com/problems/kth-smallest-element-in-a-bst/","https://takeuforward.org/data-structure/kth-largest-smallest-element-in-binary-search-tree/"
"merge-2-bst-s","Q-2772","Merge 2 BST's",14,"Binary Search Trees [Concept and Problems]","Practice Problems","Hard","https://leetcode.com/problems/binary-search-tree-iterator/","https://takeuforward.org/data-structure/bst-iterator"
"two-sum-in-bst-check-if-there-exists-a-pair-with-sum-k","Q-2774","Two Sum In BST | Check if there exists a pair with Sum K",14,"Binary Search Trees [Concept and Problems]","Practice Problems","Hard","https://leetcode.com/problems/two-sum-iv-input-is-a-bst/","https://takeuforward.org/data-structure/two-sum-in-bst-check-if-there-exists-a-pair-with-sum-k"
"connected-components","Q-528","Connected Components",15,"Graphs [Concepts & Problems]","Learning","Medium","","https://takeuforward.org/data-structure/connected-components"
"dfs","Q-2831","DFS",15,"Graphs [Concepts & Problems]","Learning","Medium","","https://takeuforward.org/data-structure/depth-first-search-dfs/"
"graph-representation-c","Q-2870","Graph Representation | C++",15,"Graphs [Concepts & Problems]","Learning","Easy","","https://takeuforward.org/graph/graph-representation-in-c/"
"graph-representation-java","Q-2871","Graph Representation | Java",15,"Graphs [Concepts & Problems]","Learning","Easy","","https://takeuforward.org/data-structure/graph-representation-in-java"
"introduction-to-graph","Q-1222","Introduction to Graph",15,"Graphs [Concepts & Problems]","Learning","Easy","","https://takeuforward.org/data-structure/graph-representation-in-java"
"traversal-techniques","Q-529","Traversal Techniques",15,"Graphs [Concepts & Problems]","Learning","Medium","","https://takeuforward.org/data-structure/depth-first-search-dfs/"
"bipartite-graph-dfs","Q-2813","Bipartite Graph (DFS)",15,"Graphs [Concepts & Problems]","Problems on BFS/DFS","Hard","https://leetcode.com/problems/is-graph-bipartite/","https://takeuforward.org/graph/bipartite-graph-dfs-implementation/"
"connected-components-problem-in-matrix","Q-2830","Connected Components Problem in Matrix",15,"Graphs [Concepts & Problems]","Problems on BFS/DFS","Medium","","https://takeuforward.org/data-structure/connected-components"
"cycle-detection-in-directed-graph-dfs","Q-2814","Cycle Detection in Directed Graph (DFS)",15,"Graphs [Concepts & Problems]","Problems on BFS/DFS","Hard","https://leetcode.com/problems/course-schedule-ii/discuss/293048/detecting-cycle-in-directed-graph-problem","https://takeuforward.org/data-structure/detect-cycle-in-a-directed-graph-using-dfs-g-19/"
"cycle-detection-in-undirected-graph-bfs","Q-2817","Cycle Detection in Undirected Graph (bfs)",15,"Graphs [Concepts & Problems]","Problems on BFS/DFS","Hard","","https://takeuforward.org/data-structure/detect-cycle-in-an-undirected-graph-using-bfs/"
"detect-a-cycle-in-an-undirected-graph","Q-501","Detect a cycle in an undirected graph",15,"Graphs [Concepts & Problems]","Problems on BFS/DFS","Hard","https://leetcode.com/problems/course-schedule/","https://takeuforward.org/data-structure/detect-cycle-in-an-undirected-graph-using-dfs/"
"distance-of-nearest-cell-having-one","Q-530","Distance of nearest cell having one",15,"Graphs [Concepts & Problems]","Problems on BFS/DFS","Medium","https://leetcode.com/problems/01-matrix/","https://takeuforward.org/graph/distance-of-nearest-cell-having-1/"
"number-of-enclaves","Q-533","Number of enclaves",15,"Graphs [Concepts & Problems]","Problems on BFS/DFS","Medium","https://leetcode.com/problems/number-of-enclaves/","https://takeuforward.org/graph/number-of-enclaves/"
"number-of-islands","Q-534","Number of islands",15,"Graphs [Concepts & Problems]","Problems on BFS/DFS","Medium","https://leetcode.com/problems/number-of-islands/","https://takeuforward.org/data-structure/number-of-distinct-islands/"
"number-of-provinces","Q-535","Number of provinces",15,"Graphs [Concepts & Problems]","Problems on BFS/DFS","Medium","https://leetcode.com/problems/number-of-provinces/#:~:text=A%20province%20is%20a%20group,the%20total%20number%20of%20provinces.","https://takeuforward.org/data-structure/number-of-provinces/"
"rotten-oranges","Q-536","Rotten Oranges",15,"Graphs [Concepts & Problems]","Problems on BFS/DFS","Medium","https://leetcode.com/problems/rotting-oranges/","https://takeuforward.org/data-structure/rotten-oranges-min-time-to-rot-all-oranges-bfs/"
"surrounded-regions","Q-537","Surrounded Regions",15,"Graphs [Concepts & Problems]","Problems on BFS/DFS","Medium","https://leetcode.com/problems/surrounded-regions/","https://takeuforward.org/graph/surrounded-regions-replace-os-with-xs/"
"word-ladder-i","Q-509","Word ladder I",15,"Graphs [Concepts & Problems]","Problems on BFS/DFS","Hard","https://leetcode.com/problems/word-ladder/","https://takeuforward.org/graph/word-ladder-i-g-29/"
"word-ladder-ii","Q-510","Word ladder II",15,"Graphs [Concepts & Problems]","Problems on BFS/DFS","Hard","https://leetcode.com/problems/word-ladder-ii/","https://takeuforward.org/graph/g-30-word-ladder-ii/"
"alien-dictionary","Q-503","Alien Dictionary",15,"Graphs [Concepts & Problems]","Topo Sort and Problems","Hard","https://leetcode.com/problems/alien-dictionary/solution/","https://takeuforward.org/data-structure/alien-dictionary-topological-sort-g-26/"
"course-schedule-i","Q-504","Course Schedule I",15,"Graphs [Concepts & Problems]","Topo Sort and Problems","Hard","https://leetcode.com/problems/course-schedule/","https://takeuforward.org/data-structure/course-schedule-i-and-ii-pre-requisite-tasks-topological-sort-g-24/"
"course-schedule-ii","Q-505","Course Schedule II",15,"Graphs [Concepts & Problems]","Topo Sort and Problems","Medium","https://leetcode.com/problems/course-schedule-ii/","https://takeuforward.org/data-structure/course-schedule-i-and-ii-pre-requisite-tasks-topological-sort-g-24/"
"detect-a-cycle-in-a-directed-graph","Q-500","Detect a cycle in a directed graph",15,"Graphs [Concepts & Problems]","Topo Sort and Problems","Hard","https://leetcode.com/problems/course-schedule/","https://takeuforward.org/data-structure/detect-a-cycle-in-directed-graph-topological-sort-kahns-algorithm-g-23/"
"find-eventual-safe-states","Q-506","Find eventual safe states",15,"Graphs [Concepts & Problems]","Topo Sort and Problems","Hard","https://leetcode.com/problems/find-eventual-safe-states/","https://takeuforward.org/data-structure/find-eventual-safe-states-bfs-topological-sort-g-25/"
"topo-sort","Q-2822","Topo Sort",15,"Graphs [Concepts & Problems]","Topo Sort and Problems","Hard","","https://takeuforward.org/data-structure/topological-sort-algorithm-dfs-g-21/"
"topological-sort-or-kahn-s-algorithm","Q-502","Topological sort or Kahn's algorithm",15,"Graphs [Concepts & Problems]","Topo Sort and Problems","Hard","","https://takeuforward.org/data-structure/topological-sort-algorithm-dfs-g-21/"
"bellman-ford-algorithm","Q-2826","Bellman Ford Algorithm",15,"Graphs [Concepts & Problems]","Shortest Path Algorithms and Problems","Hard","","https://takeuforward.org/data-structure/bellman-ford-algorithm-g-41/"
"cheapest-flight-within-k-stops","Q-519","Cheapest flight within K stops",15,"Graphs [Concepts & Problems]","Shortest Path Algorithms and Problems","Hard","https://leetcode.com/problems/cheapest-flights-within-k-stops/","https://takeuforward.org/data-structure/g-38-cheapest-flights-within-k-stops/"
"djisktra-s-algorithm","Q-2827","Djisktra's Algorithm",15,"Graphs [Concepts & Problems]","Shortest Path Algorithms and Problems","Hard","","https://takeuforward.org/data-structure/dijkstras-algorithm-using-set-g-33/"
"find-the-city-with-the-smallest-number-of-neighbors","Q-521","Find the city with the smallest number of neighbors",15,"Graphs [Concepts & Problems]","Shortest Path Algorithms and Problems","Hard","https://leetcode.com/problems/find-the-city-with-the-smallest-number-of-neighbors-at-a-threshold-distance/","https://takeuforward.org/data-structure/find-the-city-with-the-smallest-number-of-neighbours-at-a-threshold-distance-g-43/"
"floyd-warshall-algorithm","Q-522","Floyd warshall algorithm",15,"Graphs [Concepts & Problems]","Shortest Path Algorithms and Problems","Hard","","https://takeuforward.org/data-structure/floyd-warshall-algorithm-g-42/"
"minimum-multiplications-to-reach-end","Q-523","Minimum multiplications to reach end",15,"Graphs [Concepts & Problems]","Shortest Path Algorithms and Problems","Hard","","https://takeuforward.org/graph/g-39-minimum-multiplications-to-reach-end/"
"network-delay-time","Q-764","Network Delay Time",15,"Graphs [Concepts & Problems]","Shortest Path Algorithms and Problems","Medium","https://leetcode.com/problems/network-delay-time/","https://takeuforward.org/data-structure/network-delay-time"
"number-of-ways-to-arrive-at-destination","Q-524","Number of ways to arrive at destination",15,"Graphs [Concepts & Problems]","Shortest Path Algorithms and Problems","Hard","https://leetcode.com/problems/number-of-ways-to-arrive-at-destination/","https://takeuforward.org/data-structure/g-40-number-of-ways-to-arrive-at-destination/"
"path-with-minimum-effort","Q-525","Path with minimum effort",15,"Graphs [Concepts & Problems]","Shortest Path Algorithms and Problems","Hard","https://leetcode.com/problems/path-with-minimum-effort/","https://takeuforward.org/data-structure/g-37-path-with-minimum-effort/"
"shortest-distance-in-a-binary-maze","Q-527","Shortest Distance in a Binary Maze",15,"Graphs [Concepts & Problems]","Shortest Path Algorithms and Problems","Hard","https://leetcode.com/problems/shortest-path-in-binary-matrix/","https://takeuforward.org/data-structure/g-36-shortest-distance-in-a-binary-maze/"
"shortest-path-in-dag","Q-507","Shortest path in DAG",15,"Graphs [Concepts & Problems]","Shortest Path Algorithms and Problems","Hard","","https://takeuforward.org/data-structure/shortest-path-in-directed-acyclic-graph-topological-sort-g-27/"
"shortest-path-in-undirected-graph-with-unit-weights","Q-508","Shortest path in undirected graph with unit weights",15,"Graphs [Concepts & Problems]","Shortest Path Algorithms and Problems","Hard","","https://takeuforward.org/data-structure/shortest-path-in-undirected-graph-with-unit-distance-g-28/"
"why-priority-queue-is-used-in-djisktra-s-algorithm","Q-2828","Why priority Queue is used in Djisktra's Algorithm",15,"Graphs [Concepts & Problems]","Shortest Path Algorithms and Problems","Hard","","https://takeuforward.org/data-structure/dijkstras-algorithm-using-priority-queue-g-32/"
"accounts-merge","Q-511","Accounts merge",15,"Graphs [Concepts & Problems]","MinimumSpanningTree/Disjoint Set and Problems","Hard","https://leetcode.com/problems/accounts-merge/","https://takeuforward.org/data-structure/accounts-merge-dsu-g-50/"
"disjoint-set","Q-516","Disjoint Set",15,"Graphs [Concepts & Problems]","MinimumSpanningTree/Disjoint Set and Problems","Hard","","https://takeuforward.org/data-structure/disjoint-set-union-by-rank-union-by-size-path-compression-g-46/"
"find-the-mst-weight","Q-517","Find the MST weight",15,"Graphs [Concepts & Problems]","MinimumSpanningTree/Disjoint Set and Problems","Hard","","https://takeuforward.org/data-structure/prims-algorithm-minimum-spanning-tree-c-and-java-g-45/"
"making-a-large-island","Q-512","Making a large island",15,"Graphs [Concepts & Problems]","MinimumSpanningTree/Disjoint Set and Problems","Hard","https://leetcode.com/problems/making-a-large-island/","https://takeuforward.org/data-structure/making-a-large-island-dsu-g-52/"
"most-stones-removed-with-same-row-or-column","Q-513","Most stones removed with same row or column",15,"Graphs [Concepts & Problems]","MinimumSpanningTree/Disjoint Set and Problems","Medium","https://leetcode.com/problems/most-stones-removed-with-same-row-or-column/","https://takeuforward.org/data-structure/most-stones-removed-with-same-row-or-column-dsu-g-53/"
"mst-theory","Q-1221","MST theory",15,"Graphs [Concepts & Problems]","MinimumSpanningTree/Disjoint Set and Problems","Easy","","https://takeuforward.org/data-structure/minimum-spanning-tree-theory-g-44/"
"number-of-islands-ii","Q-514","Number of islands II",15,"Graphs [Concepts & Problems]","MinimumSpanningTree/Disjoint Set and Problems","Hard","https://leetcode.com/problems/number-of-islands-ii/","https://takeuforward.org/graph/number-of-islands-ii-online-queries-dsu-g-51/"
"number-of-operations-to-make-network-connected","Q-515","Number of operations to make network connected",15,"Graphs [Concepts & Problems]","MinimumSpanningTree/Disjoint Set and Problems","Hard","https://leetcode.com/problems/number-of-operations-to-make-network-connected/","https://takeuforward.org/data-structure/number-of-operations-to-make-network-connected-dsu-g-49/"
"prim-s-algorithm","Q-2825","Prim's Algorithm",15,"Graphs [Concepts & Problems]","MinimumSpanningTree/Disjoint Set and Problems","Hard","","https://takeuforward.org/data-structure/prims-algorithm-minimum-spanning-tree-c-and-java-g-45/"
"swim-in-rising-water","Q-1006","Swim in Rising Water",15,"Graphs [Concepts & Problems]","MinimumSpanningTree/Disjoint Set and Problems","Medium","https://leetcode.com/problems/swim-in-rising-water/","https://takeuforward.org/data-structure/swim-in-rising-water"
"articulation-point-in-graph","Q-496","Articulation point in graph",15,"Graphs [Concepts & Problems]","Other Algorithms","Hard","","https://takeuforward.org/data-structure/articulation-point-in-graph-g-56/"
"bridges-in-graph","Q-497","Bridges in graph",15,"Graphs [Concepts & Problems]","Other Algorithms","Hard","https://leetcode.com/problems/critical-connections-in-a-network/discuss/382385/find-bridges-in-a-graph","https://takeuforward.org/graph/bridges-in-graph-using-tarjans-algorithm-of-time-in-and-low-time-g-55/"
"kosaraju-s-algorithm","Q-498","Kosaraju's algorithm",15,"Graphs [Concepts & Problems]","Other Algorithms","Hard","https://leetcode.com/problems/maximum-number-of-non-overlapping-substrings/discuss/766485/kosaraju-algorithm-on","https://takeuforward.org/graph/strongly-connected-components-kosarajus-algorithm-g-54/"
"introduction-to-dp","Q-1195","Introduction to DP",16,"Dynamic Programming [Patterns and Problems]","Introduction to DP","Easy","","https://takeuforward.org/data-structure/dynamic-programming-introduction/"
"climbing-stairs","Q-287","Climbing stairs",16,"Dynamic Programming [Patterns and Problems]","1D DP","Medium","https://leetcode.com/problems/climbing-stairs/","https://takeuforward.org/data-structure/dynamic-programming-climbing-stairs/"
"frog-jump","Q-288","Frog Jump",16,"Dynamic Programming [Patterns and Problems]","1D DP","Medium","","https://takeuforward.org/data-structure/dynamic-programming-frog-jump-dp-3/"
"frog-jump-with-k-distances","Q-289","Frog jump with K distances",16,"Dynamic Programming [Patterns and Problems]","1D DP","Medium","","https://takeuforward.org/data-structure/dynamic-programming-frog-jump-with-k-distances-dp-4/"
"house-robber","Q-290","House robber",16,"Dynamic Programming [Patterns and Problems]","1D DP","Medium","https://leetcode.com/problems/house-robber-ii/","https://takeuforward.org/data-structure/dynamic-programming-house-robber-dp-6/"
"maximum-sum-of-non-adjacent-elements","Q-291","Maximum sum of non adjacent elements",16,"Dynamic Programming [Patterns and Problems]","1D DP","Medium","https://leetcode.com/problems/house-robber/","https://takeuforward.org/data-structure/maximum-sum-of-non-adjacent-elements-dp-5/"
"grid-unique-paths-dp-on-grids-dp8","Q-2795","Grid Unique Paths : DP on Grids (DP8)",16,"Dynamic Programming [Patterns and Problems]","2D/3D DP and DP on Grids","Medium","https://leetcode.com/problems/unique-paths/","https://takeuforward.org/data-structure/grid-unique-paths-dp-on-grids-dp8/"
"minimum-falling-path-sum","Q-298","Minimum Falling Path Sum",16,"Dynamic Programming [Patterns and Problems]","2D/3D DP and DP on Grids","Medium","https://leetcode.com/problems/minimum-path-sum/","https://takeuforward.org/data-structure/minimum-path-sum-in-a-grid-dp-10/"
"ninja-and-his-friends","Q-769","Ninja and his Friends",16,"Dynamic Programming [Patterns and Problems]","2D/3D DP and DP on Grids","Medium","","https://takeuforward.org/data-structure/3-d-dp-ninja-and-his-friends-dp-13/"
"ninja-s-training","Q-292","Ninja's training",16,"Dynamic Programming [Patterns and Problems]","2D/3D DP and DP on Grids","Medium","","https://takeuforward.org/data-structure/dynamic-programming-ninjas-training-dp-7/"
"triangle","Q-299","Triangle",16,"Dynamic Programming [Patterns and Problems]","2D/3D DP and DP on Grids","Medium","https://leetcode.com/problems/triangle/","https://takeuforward.org/data-structure/minimum-path-sum-in-triangular-grid-dp-11/"
"unique-paths-ii","Q-300","Unique paths II",16,"Dynamic Programming [Patterns and Problems]","2D/3D DP and DP on Grids","Medium","https://leetcode.com/problems/unique-paths-ii/","https://takeuforward.org/data-structure/grid-unique-paths-2-dp-9/"
"assign-cookies-541","Q-541","Assign Cookies",16,"Dynamic Programming [Patterns and Problems]","DP on Subsequences","Easy","https://leetcode.com/problems/assign-cookies/","https://takeuforward.org/data-structure/assign-cookies"
"coin-change-2-dp-22","Q-2801","Coin Change 2 (DP - 22)",16,"Dynamic Programming [Patterns and Problems]","DP on Subsequences","Hard","https://leetcode.com/problems/coin-change-2/","https://takeuforward.org/data-structure/coin-change-2-dp-22/"
"count-partitions-with-given-difference","Q-317","Count partitions with given difference",16,"Dynamic Programming [Patterns and Problems]","DP on Subsequences","Hard","","https://takeuforward.org/data-structure/count-partitions-with-given-difference-dp-18/"
"count-subsets-with-sum-k","Q-318","Count subsets with sum K",16,"Dynamic Programming [Patterns and Problems]","DP on Subsequences","Hard","","https://takeuforward.org/data-structure/count-subsets-with-sum-k-dp-17/"
"minimum-coins-dp-20","Q-2802","Minimum Coins (DP - 20)",16,"Dynamic Programming [Patterns and Problems]","DP on Subsequences","Hard","https://leetcode.com/problems/coin-change/","https://takeuforward.org/data-structure/minimum-coins-dp-20/"
"partition-a-set-into-two-subsets-with-minimum-absolute-sum-difference","Q-320","Partition a set into two subsets with minimum absolute sum difference",16,"Dynamic Programming [Patterns and Problems]","DP on Subsequences","Hard","https://leetcode.com/problems/partition-array-into-two-arrays-to-minimize-sum-difference/","https://takeuforward.org/data-structure/partition-set-into-2-subsets-with-min-absolute-sum-diff-dp-16/"
"partition-equal-subset-sum","Q-321","Partition equal subset sum",16,"Dynamic Programming [Patterns and Problems]","DP on Subsequences","Hard","https://leetcode.com/problems/partition-equal-subset-sum/","https://takeuforward.org/data-structure/partition-equal-subset-sum-dp-15/"
"rod-cutting-problem-dp-24","Q-2803","Rod Cutting Problem | (DP - 24)",16,"Dynamic Programming [Patterns and Problems]","DP on Subsequences","Hard","","https://takeuforward.org/data-structure/rod-cutting-problem-dp-24/"
"subset-sum-equal-to-target-dp-14","Q-2804","Subset sum equal to target (DP- 14)",16,"Dynamic Programming [Patterns and Problems]","DP on Subsequences","Hard","","https://takeuforward.org/data-structure/subset-sum-equal-to-target-dp-14/"
"target-sum","Q-324","Target sum",16,"Dynamic Programming [Patterns and Problems]","DP on Subsequences","Hard","https://leetcode.com/problems/target-sum/","https://takeuforward.org/data-structure/target-sum-dp-21/"
"unbounded-knapsack","Q-325","Unbounded knapsack",16,"Dynamic Programming [Patterns and Problems]","DP on Subsequences","Hard","","https://takeuforward.org/data-structure/unbounded-knapsack-dp-23/"
"distinct-subsequences","Q-306","Distinct subsequences",16,"Dynamic Programming [Patterns and Problems]","DP on Strings","Hard","https://leetcode.com/problems/distinct-subsequences/","https://takeuforward.org/data-structure/distinct-subsequences-dp-32/"
"edit-distance","Q-307","Edit distance",16,"Dynamic Programming [Patterns and Problems]","DP on Strings","Hard","https://leetcode.com/problems/edit-distance/","https://takeuforward.org/data-structure/edit-distance-dp-33/"
"longest-common-subsequence","Q-308","Longest common subsequence",16,"Dynamic Programming [Patterns and Problems]","DP on Strings","Hard","","https://takeuforward.org/data-structure/print-longest-common-subsequence-dp-26/"
"longest-common-substring","Q-309","Longest common substring",16,"Dynamic Programming [Patterns and Problems]","DP on Strings","Hard","","https://takeuforward.org/data-structure/longest-common-substring-dp-27/"
"longest-palindromic-subsequence","Q-310","Longest palindromic subsequence",16,"Dynamic Programming [Patterns and Problems]","DP on Strings","Hard","https://leetcode.com/problems/longest-palindromic-subsequence/","https://takeuforward.org/data-structure/longest-palindromic-subsequence-dp-28/"
"minimum-insertions-or-deletions-to-convert-string-a-to-b","Q-311","Minimum insertions or deletions to convert string A to B",16,"Dynamic Programming [Patterns and Problems]","DP on Strings","Hard","https://leetcode.com/problems/delete-operation-for-two-strings/","https://takeuforward.org/data-structure/minimum-insertions-deletions-to-convert-string-dp-30/"
"minimum-insertions-to-make-string-palindrome-dp-29","Q-2800","Minimum insertions to make string palindrome | DP-29",16,"Dynamic Programming [Patterns and Problems]","DP on Strings","Hard","https://leetcode.com/problems/minimum-insertion-steps-to-make-a-string-palindrome/","https://takeuforward.org/data-structure/minimum-insertions-to-make-string-palindrome-dp-29/"
"print-longest-common-subsequence-dp-26","Q-2799","Print Longest Common Subsequence | (DP - 26)",16,"Dynamic Programming [Patterns and Problems]","DP on Strings","hard","","https://takeuforward.org/data-structure/print-longest-common-subsequence-dp-26/"
"shortest-common-supersequence","Q-313","Shortest common supersequence",16,"Dynamic Programming [Patterns and Problems]","DP on Strings","Hard","https://leetcode.com/problems/shortest-common-supersequence/","https://takeuforward.org/data-structure/shortest-common-supersequence-dp-31/"
"wildcard-matching","Q-314","Wildcard matching",16,"Dynamic Programming [Patterns and Problems]","DP on Strings","Hard","https://leetcode.com/problems/wildcard-matching/","https://takeuforward.org/data-structure/wildcard-matching-dp-34/"
"best-time-to-buy-and-sell-stock","Q-301","Best time to buy and sell stock",16,"Dynamic Programming [Patterns and Problems]","DP on Stocks","Medium","https://leetcode.com/problems/best-time-to-buy-and-sell-stock/","https://takeuforward.org/data-structure/stock-buy-and-sell/"
"best-time-to-buy-and-sell-stock-ii","Q-302","Best time to buy and sell stock II",16,"Dynamic Programming [Patterns and Problems]","DP on Stocks","Medium","https://leetcode.com/problems/best-time-to-buy-and-sell-stock-ii/","https://takeuforward.org/data-structure/buy-and-sell-stock-ii-dp-36/"
"best-time-to-buy-and-sell-stock-iii","Q-303","Best time to buy and sell stock III",16,"Dynamic Programming [Patterns and Problems]","DP on Stocks","Medium","https://leetcode.com/problems/best-time-to-buy-and-sell-stock-iii/description/","https://takeuforward.org/data-structure/buy-and-sell-stock-iii-dp-37/"
"best-time-to-buy-and-sell-stock-iv","Q-304","Best time to buy and sell stock IV",16,"Dynamic Programming [Patterns and Problems]","DP on Stocks","Medium","https://leetcode.com/problems/best-time-to-buy-and-sell-stock-iv/","https://takeuforward.org/data-structure/buy-and-sell-stock-iv-dp-38/"
"best-time-to-buy-and-sell-stock-with-cooldown","Q-56","Best Time to Buy and Sell Stock with Cooldown",16,"Dynamic Programming [Patterns and Problems]","DP on Stocks","Medium","https://leetcode.com/problems/best-time-to-buy-and-sell-stock-with-cooldown/","https://takeuforward.org/data-structure/buy-and-sell-stocks-with-cooldown-dp-39/"
"best-time-to-buy-and-sell-stock-with-transaction-fees","Q-305","Best time to buy and sell stock with transaction fees",16,"Dynamic Programming [Patterns and Problems]","DP on Stocks","Medium","https://leetcode.com/problems/best-time-to-buy-and-sell-stock-with-transaction-fee/","https://takeuforward.org/data-structure/buy-and-sell-stocks-with-transaction-fees-dp-40/"
"largest-divisible-subset","Q-603","Largest Divisible Subset",16,"Dynamic Programming [Patterns and Problems]","DP on LIS","Medium","https://leetcode.com/problems/largest-divisible-subset/","https://takeuforward.org/data-structure/longest-divisible-subset-dp-44/"
"longest-bitonic-subsequence","Q-633","Longest Bitonic Subsequence",16,"Dynamic Programming [Patterns and Problems]","DP on LIS","Medium","","https://takeuforward.org/data-structure/longest-bitonic-subsequence-dp-46/"
"longest-increasing-subsequence","Q-636","Longest Increasing Subsequence",16,"Dynamic Programming [Patterns and Problems]","DP on LIS","Medium","","https://takeuforward.org/data-structure/longest-increasing-subsequence-binary-search-dp-43/"
"longest-increasing-subsequence-dp-43","Q-2851","Longest Increasing Subsequence |(DP-43)",16,"Dynamic Programming [Patterns and Problems]","DP on LIS","Medium","","https://takeuforward.org/data-structure/longest-increasing-subsequence-binary-search-dp-43/"
"longest-string-chain","Q-640","Longest String Chain",16,"Dynamic Programming [Patterns and Problems]","DP on LIS","Medium","https://leetcode.com/problems/longest-string-chain/","https://takeuforward.org/data-structure/longest-string-chain-dp-45/"
"number-of-longest-increasing-subsequences","Q-780","Number of Longest Increasing Subsequences",16,"Dynamic Programming [Patterns and Problems]","DP on LIS","Medium","https://leetcode.com/problems/number-of-longest-increasing-subsequence/","https://takeuforward.org/data-structure/number-of-longest-increasing-subsequences-dp-47/"
"print-longest-increasing-subsequence","Q-851","Print Longest Increasing Subsequence",16,"Dynamic Programming [Patterns and Problems]","DP on LIS","Medium","","https://takeuforward.org/data-structure/printing-longest-increasing-subsequence-dp-42/"
"burst-balloons","Q-326","Burst balloons",16,"Dynamic Programming [Patterns and Problems]","MCM DP | Partition DP","Hard","https://leetcode.com/problems/burst-balloons/","https://takeuforward.org/data-structure/burst-balloons-partition-dp-dp-51/"
"different-ways-to-evaluate-a-boolean-expression","Q-276","Different Ways to Evaluate a Boolean Expression",16,"Dynamic Programming [Patterns and Problems]","MCM DP | Partition DP","Medium","https://leetcode.com/problems/parsing-a-boolean-expression/","https://takeuforward.org/data-structure/evaluate-boolean-expression-to-true-partition-dp-dp-52/"
"matrix-chain-multiplication","Q-327","Matrix chain multiplication",16,"Dynamic Programming [Patterns and Problems]","MCM DP | Partition DP","Hard","","https://takeuforward.org/dynamic-programming/matrix-chain-multiplication-dp-48/"
"matrix-chain-multiplication-bottom-up-dp-49","Q-2806","Matrix Chain Multiplication | Bottom-Up|(DP-49)",16,"Dynamic Programming [Patterns and Problems]","MCM DP | Partition DP","Hard","","https://takeuforward.org/data-structure/matrix-chain-multiplication-tabulation-method-dp-49/"
"minimum-cost-to-cut-the-stick","Q-328","Minimum cost to cut the stick",16,"Dynamic Programming [Patterns and Problems]","MCM DP | Partition DP","Hard","https://leetcode.com/problems/minimum-cost-to-cut-a-stick/","https://takeuforward.org/data-structure/minimum-cost-to-cut-the-stick-dp-50/"
"palindrome-partitioning-ii","Q-329","Palindrome partitioning II",16,"Dynamic Programming [Patterns and Problems]","MCM DP | Partition DP","Hard","https://leetcode.com/problems/palindrome-partitioning-ii/","https://takeuforward.org/data-structure/palindrome-partitioning-ii-front-partition-dp-53/"
"partition-array-for-maximum-sum","Q-810","Partition Array for Maximum Sum",16,"Dynamic Programming [Patterns and Problems]","MCM DP | Partition DP","Medium","https://leetcode.com/problems/partition-array-for-maximum-sum/","https://takeuforward.org/data-structure/partition-array-for-maximum-sum-front-partition-dp-54/"
"count-square-submatrices-with-all-ones-dp-56","Q-2395","Count Square Submatrices with All Ones|(DP-56)",16,"Dynamic Programming [Patterns and Problems]","DP on Squares","Easy","https://leetcode.com/problems/count-square-submatrices-with-all-ones/","https://takeuforward.org/data-structure/count-square-submatrices-with-all-1s-dp-on-rectangles-dp-56/"
"maximum-rectangle-area-with-all-1-s-dp-55","Q-2860","Maximum Rectangle Area with all 1's|(DP-55)",16,"Dynamic Programming [Patterns and Problems]","DP on Squares","Hard","https://leetcode.com/problems/maximal-rectangle/","https://takeuforward.org/data-structure/maximum-rectangle-area-with-all-1s-dp-on-rectangles-dp-55/"
"trie-implementation-and-operations","Q-1028","Trie Implementation and Operations",17,"Tries","Theory","Hard","https://leetcode.com/problems/implement-trie-prefix-tree/","https://takeuforward.org/data-structure/implement-trie-1/"
"maximum-xor-of-two-numbers-in-an-array","Q-1024","Maximum XOR of two numbers in an array",17,"Tries","Problems","Hard","https://leetcode.com/problems/maximum-xor-of-two-numbers-in-an-array/","https://takeuforward.org/data-structure/maximum-xor-of-two-numbers-in-an-array/"
"maximum-xor-with-an-element-from-an-array","Q-1025","Maximum Xor with an element from an array",17,"Tries","Problems","Hard","https://leetcode.com/problems/maximum-xor-with-an-element-from-array/","https://takeuforward.org/trie/maximum-xor-queries-trie/"
"number-of-distinct-substrings-in-a-string","Q-1026","Number of distinct substrings in a string",17,"Tries","Problems","Medium","","https://takeuforward.org/data-structure/number-of-distinct-substrings-in-a-string-using-trie/"
"trie-implementation-and-advanced-operations","Q-1027","Trie Implementation and Advanced Operations",17,"Tries","Problems","Hard","","https://takeuforward.org/data-structure/implement-trie-ii/"
"count-and-say","Q-982","Count and say",18,"Strings","Hard Problems","Hard","https://leetcode.com/problems/count-and-say/","https://takeuforward.org/data-structure/count-and-say"
"hashing-in-strings-theory","Q-2399","Hashing In Strings | Theory",18,"Strings","Hard Problems","Easy","","https://takeuforward.org/data-structure/hashing-in-strings"
"kmp-algorithm-or-lps-array","Q-977","KMP Algorithm or LPS array",18,"Strings","Hard Problems","Hard","https://leetcode.com/problems/implement-strstr/","https://takeuforward.org/data-structure/kmp-algorithm-or-lps-array"
"longest-happy-prefix","Q-978","Longest happy prefix",18,"Strings","Hard Problems","Hard","https://leetcode.com/problems/longest-happy-prefix/","https://takeuforward.org/data-structure/longest-happy-prefix"
"minimum-number-of-bracket-reversals-to-make-an-expression-balanced","Q-983","Minimum number of bracket reversals to make an expression balanced",18,"Strings","Hard Problems","Hard","https://leetcode.com/problems/minimum-add-to-make-parentheses-valid/","https://takeuforward.org/data-structure/minimum-number-of-bracket-reversals-needed-to-make-an-expression-balanced"