step_no,step_name,substep_no,substep_name,problem_id,problem_name,difficulty,youtube_url,leetcode_url,article_url,plus_url,editorial_url,other_practice_url
1,Learn the basics,1,Things to Know in C++/Java/Python or any language,425,Input Output,Easy,https://youtu.be/EAR7De6Goz4?t=250,,https://takeuforward.org/c/c-basic-input-output/,https://takeuforward.org/plus/dsa/problems/input-output,https://takeuforward.org/plus/dsa/problems/input-output?tab=editorial,
1,Learn the basics,1,Things to Know in C++/Java/Python or any language,1211,Cpp Basics,Easy,https://youtu.be/EAR7De6Goz4?t=2415,,https://takeuforward.org/data-structure/what-are-arrays-strings,https://takeuforward.org/plus/dsa/problems/cpp,https://takeuforward.org/plus/dsa/problems/cpp,
1,Learn the basics,1,Things to Know in C++/Java/Python or any language,424,If ElseIf,Easy,https://youtu.be/EAR7De6Goz4?t=1259,,https://takeuforward.org/if-else/if-else-statements/,https://takeuforward.org/plus/dsa/problems/if-elseif,https://takeuforward.org/plus/dsa/problems/if-elseif?tab=editorial,
1,Learn the basics,1,Things to Know in C++/Java/Python or any language,429,Switch Case,Easy,https://youtu.be/EAR7De6Goz4,,https://takeuforward.org/switch-case/switch-case-statements/,https://takeuforward.org/plus/dsa/problems/switch-case,https://takeuforward.org/plus/dsa/problems/switch-case?tab=editorial,
1,Learn the basics,1,Things to Know in C++/Java/Python or any language,2869,"What are arrays, strings?",Easy,https://youtu.be/EAR7De6Goz4?t=2415,,https://takeuforward.org/data-structure/what-are-arrays-strings,https://takeuforward.org/plus/dsa/problems/cpp,https://takeuforward.org/plus/dsa/problems/cpp,
1,Learn the basics,1,Things to Know in C++/Java/Python or any language,2867,For loops,Easy,https://youtu.be/EAR7De6Goz4?t=3096,,https://takeuforward.org/for-loop/understanding-for-loop/,https://takeuforward.org/plus/dsa/problems/for-loop,https://takeuforward.org/plus/dsa/problems/for-loop,
1,Learn the basics,1,Things to Know in C++/Java/Python or any language,2868,While loops,Easy,https://youtu.be/EAR7De6Goz4?t=3459,,https://takeuforward.org/while-loop/while-loops-in-programming/,https://takeuforward.org/plus/dsa/problems/while-loop,https://takeuforward.org/plus/dsa/problems/while-loop,
1,Learn the basics,1,Things to Know in C++/Java/Python or any language,2866,Functions (Pass by Reference and Value),Easy,https://youtu.be/EAR7De6Goz4?t=3677,,https://takeuforward.org/data-structure/functions-pass-by-reference-and-value,https://takeuforward.org/plus/dsa/problems/pass-by-ref,https://takeuforward.org/plus/dsa/problems/pass-by-ref,
1,Learn the basics,1,Things to Know in C++/Java/Python or any language,1219,Theory with examples,Easy,https://youtu.be/FPu9Uld7W-E,,https://takeuforward.org/time-complexity/time-and-space-complexity-strivers-a2z-dsa-course/,https://takeuforward.org/plus/dsa/problems/theory-with-examples,https://takeuforward.org/plus/dsa/problems/theory-with-examples,
1,Learn the basics,2,Build-up Logical Thinking,1216,Easy and Medium,Easy,https://www.youtube.com/watch?v=tNm_NNSB3_w&list=PLgUwDviBIf0oF6QL8m22w1hIDC1vJ_BHz&index=3,,https://takeuforward.org/strivers-a2z-dsa-course/must-do-pattern-problems-before-starting-dsa/,https://takeuforward.org/plus/dsa/problems/easy-and-medium,https://takeuforward.org/plus/dsa/problems/easy-and-medium?tab=editorial,
1,Learn the basics,2,Build-up Logical Thinking,1205,Hard,Easy,https://www.youtube.com/watch?v=tNm_NNSB3_w&list=PLgUwDviBIf0oF6QL8m22w1hIDC1vJ_BHz&index=3,,https://takeuforward.org/strivers-a2z-dsa-course/must-do-pattern-problems-before-starting-dsa/,https://takeuforward.org/plus/dsa/problems/hard,https://takeuforward.org/plus/dsa/problems/hard?tab=editorial,
1,Learn the basics,3,Patterns,401,Pattern 1,Easy,https://www.youtube.com/watch?v=tNm_NNSB3_w&list=PLgUwDviBIf0oF6QL8m22w1hIDC1vJ_BHz&index=3,,https://takeuforward.org/strivers-a2z-dsa-course/must-do-pattern-problems-before-starting-dsa/,https://takeuforward.org/plus/dsa/problems/pattern-1,https://takeuforward.org/plus/dsa/problems/pattern-1?tab=editorial,
1,Learn the basics,3,Patterns,412,Pattern 2,Easy,https://www.youtube.com/watch?v=tNm_NNSB3_w&list=PLgUwDviBIf0oF6QL8m22w1hIDC1vJ_BHz&index=3,,https://takeuforward.org/strivers-a2z-dsa-course/must-do-pattern-problems-before-starting-dsa/,https://takeuforward.org/plus/dsa/problems/pattern-2,https://takeuforward.org/plus/dsa/problems/pattern-2?tab=editorial,
1,Learn the basics,3,Patterns,416,Pattern 3,Easy,https://www.youtube.com/watch?v=tNm_NNSB3_w&list=PLgUwDviBIf0oF6QL8m22w1hIDC1vJ_BHz&index=3,,https://takeuforward.org/strivers-a2z-dsa-course/must-do-pattern-problems-before-starting-dsa/,https://takeuforward.org/plus/dsa/problems/pattern-3,https://takeuforward.org/plus/dsa/problems/pattern-3?tab=editorial,
1,Learn the basics,3,Patterns,417,Pattern 4,Easy,https://www.youtube.com/watch?v=tNm_NNSB3_w&list=PLgUwDviBIf0oF6QL8m22w1hIDC1vJ_BHz&index=3,,https://takeuforward.org/strivers-a2z-dsa-course/must-do-pattern-problems-before-starting-dsa/,https://takeuforward.org/plus/dsa/problems/pattern-4,https://takeuforward.org/plus/dsa/problems/pattern-4?tab=editorial,
1,Learn the basics,3,Patterns,418,Pattern 5,Easy,https://www.youtube.com/watch?v=tNm_NNSB3_w&list=PLgUwDviBIf0oF6QL8m22w1hIDC1vJ_BHz&index=3,,https://takeuforward.org/strivers-a2z-dsa-course/must-do-pattern-problems-before-starting-dsa/,https://takeuforward.org/plus/dsa/problems/pattern-5,https://takeuforward.org/plus/dsa/problems/pattern-5?tab=editorial,
1,Learn the basics,3,Patterns,419,Pattern 6,Easy,https://www.youtube.com/watch?v=tNm_NNSB3_w&list=PLgUwDviBIf0oF6QL8m22w1hIDC1vJ_BHz&index=3,,https://takeuforward.org/strivers-a2z-dsa-course/must-do-pattern-problems-before-starting-dsa/,https://takeuforward.org/plus/dsa/problems/pattern-6,https://takeuforward.org/plus/dsa/problems/pattern-6?tab=editorial,
1,Learn the basics,3,Patterns,420,Pattern 7,Easy,https://www.youtube.com/watch?v=tNm_NNSB3_w&list=PLgUwDviBIf0oF6QL8m22w1hIDC1vJ_BHz&index=3,,https://takeuforward.org/strivers-a2z-dsa-course/must-do-pattern-problems-before-starting-dsa/,https://takeuforward.org/plus/dsa/problems/pattern-7,https://takeuforward.org/plus/dsa/problems/pattern-7?tab=editorial,
1,Learn the basics,3,Patterns,421,Pattern 8,Easy,https://www.youtube.com/watch?v=tNm_NNSB3_w&list=PLgUwDviBIf0oF6QL8m22w1hIDC1vJ_BHz&index=3,,https://takeuforward.org/strivers-a2z-dsa-course/must-do-pattern-problems-before-starting-dsa/,https://takeuforward.org/plus/dsa/problems/pattern-8,https://takeuforward.org/plus/dsa/problems/pattern-8?tab=editorial,
1,Learn the basics,3,Patterns,422,Pattern 9,Easy,https://www.youtube.com/watch?v=tNm_NNSB3_w&list=PLgUwDviBIf0oF6QL8m22w1hIDC1vJ_BHz&index=3,,https://takeuforward.org/strivers-a2z-dsa-course/must-do-pattern-problems-before-starting-dsa/,https://takeuforward.org/plus/dsa/problems/pattern-9,https://takeuforward.org/plus/dsa/problems/pattern-9?tab=editorial,
1,Learn the basics,3,Patterns,402,Pattern 10,Easy,https://www.youtube.com/watch?v=tNm_NNSB3_w&list=PLgUwDviBIf0oF6QL8m22w1hIDC1vJ_BHz&index=3,,https://takeuforward.org/strivers-a2z-dsa-course/must-do-pattern-problems-before-starting-dsa/,https://takeuforward.org/plus/dsa/problems/pattern-10,https://takeuforward.org/plus/dsa/problems/pattern-10?tab=editorial,
1,Learn the basics,3,Patterns,403,Pattern 11,Easy,https://www.youtube.com/watch?v=tNm_NNSB3_w&list=PLgUwDviBIf0oF6QL8m22w1hIDC1vJ_BHz&index=3,,https://takeuforward.org/strivers-a2z-dsa-course/must-do-pattern-problems-before-starting-dsa/,https://takeuforward.org/plus/dsa/problems/pattern-11,https://takeuforward.org/plus/dsa/problems/pattern-11?tab=editorial,
1,Learn the basics,3,Patterns,404,Pattern 12,Easy,https://www.youtube.com/watch?v=tNm_NNSB3_w&list=PLgUwDviBIf0oF6QL8m22w1hIDC1vJ_BHz&index=3,,https://takeuforward.org/strivers-a2z-dsa-course/must-do-pattern-problems-before-starting-dsa/,https://takeuforward.org/plus/dsa/problems/pattern-12,https://takeuforward.org/plus/dsa/problems/pattern-12?tab=editorial,
1,Learn the basics,3,Patterns,405,Pattern 13,Easy,https://www.youtube.com/watch?v=tNm_NNSB3_w&list=PLgUwDviBIf0oF6QL8m22w1hIDC1vJ_BHz&index=3,,https://takeuforward.org/strivers-a2z-dsa-course/must-do-pattern-problems-before-starting-dsa/,https://takeuforward.org/plus/dsa/problems/pattern-13,https://takeuforward.org/plus/dsa/problems/pattern-13?tab=editorial,
1,Learn the basics,3,Patterns,406,Pattern 14,Easy,https://www.youtube.com/watch?v=tNm_NNSB3_w&list=PLgUwDviBIf0oF6QL8m22w1hIDC1vJ_BHz&index=3,,https://takeuforward.org/strivers-a2z-dsa-course/must-do-pattern-problems-before-starting-dsa/,https://takeuforward.org/plus/dsa/problems/pattern-14,https://takeuforward.org/plus/dsa/problems/pattern-14?tab=editorial,
1,Learn the basics,3,Patterns,407,Pattern 15,Easy,https://www.youtube.com/watch?v=tNm_NNSB3_w&list=PLgUwDviBIf0oF6QL8m22w1hIDC1vJ_BHz&index=3,,https://takeuforward.org/strivers-a2z-dsa-course/must-do-pattern-problems-before-starting-dsa/,https://takeuforward.org/plus/dsa/problems/pattern-15,https://takeuforward.org/plus/dsa/problems/pattern-15?tab=editorial,
1,Learn the basics,3,Patterns,408,Pattern 16,Easy,https://www.youtube.com/watch?v=tNm_NNSB3_w&list=PLgUwDviBIf0oF6QL8m22w1hIDC1vJ_BHz&index=3,,https://takeuforward.org/strivers-a2z-dsa-course/must-do-pattern-problems-before-starting-dsa/,https://takeuforward.org/plus/dsa/problems/pattern-16,https://takeuforward.org/plus/dsa/problems/pattern-16?tab=editorial,
1,Learn the basics,3,Patterns,409,Pattern 17,Easy,https://www.youtube.com/watch?v=tNm_NNSB3_w&list=PLgUwDviBIf0oF6QL8m22w1hIDC1vJ_BHz&index=3,,https://takeuforward.org/strivers-a2z-dsa-course/must-do-pattern-problems-before-starting-dsa/,https://takeuforward.org/plus/dsa/problems/pattern-17,https://takeuforward.org/plus/dsa/problems/pattern-17?tab=editorial,
1,Learn the basics,3,Patterns,410,Pattern 18,Easy,https://www.youtube.com/watch?v=tNm_NNSB3_w&list=PLgUwDviBIf0oF6QL8m22w1hIDC1vJ_BHz&index=3,,https://takeuforward.org/strivers-a2z-dsa-course/must-do-pattern-problems-before-starting-dsa/,https://takeuforward.org/plus/dsa/problems/pattern-18,https://takeuforward.org/plus/dsa/problems/pattern-18?tab=editorial,
1,Learn the basics,3,Patterns,411,Pattern 19,Easy,https://www.youtube.com/watch?v=tNm_NNSB3_w&list=PLgUwDviBIf0oF6QL8m22w1hIDC1vJ_BHz&index=3,,https://takeuforward.org/strivers-a2z-dsa-course/must-do-pattern-problems-before-starting-dsa/,https://takeuforward.org/plus/dsa/problems/pattern-19,https://takeuforward.org/plus/dsa/problems/pattern-19?tab=editorial,
1,Learn the basics,3,Patterns,413,Pattern 20,Medium,https://www.youtube.com/watch?v=tNm_NNSB3_w&list=PLgUwDviBIf0oF6QL8m22w1hIDC1vJ_BHz&index=3,,https://takeuforward.org/strivers-a2z-dsa-course/must-do-pattern-problems-before-starting-dsa/,https://takeuforward.org/plus/dsa/problems/pattern-20,https://takeuforward.org/plus/dsa/problems/pattern-20?tab=editorial,
1,Learn the basics,3,Patterns,414,Pattern 21,Medium,https://www.youtube.com/watch?v=tNm_NNSB3_w&list=PLgUwDviBIf0oF6QL8m22w1hIDC1vJ_BHz&index=3,,https://takeuforward.org/strivers-a2z-dsa-course/must-do-pattern-problems-before-starting-dsa/,https://takeuforward.org/plus/dsa/problems/pattern-21,https://takeuforward.org/plus/dsa/problems/pattern-21?tab=editorial,
1,Learn the basics,3,Patterns,415,Pattern 22,Medium,https://www.youtube.com/watch?v=tNm_NNSB3_w&list=PLgUwDviBIf0oF6QL8m22w1hIDC1vJ_BHz&index=3,,https://takeuforward.org/strivers-a2z-dsa-course/must-do-pattern-problems-before-starting-dsa/,https://takeuforward.org/plus/dsa/problems/pattern-22,https://takeuforward.org/plus/dsa/problems/pattern-22?tab=editorial,
1,Learn the basics,4,Learn STL/Java-Collections or similar thing in your language,1218,STL,Easy,https://www.youtube.com/watch?v=RRVYpIET_RU,,https://takeuforward.org/c/c-stl-tutorial-most-frequent-used-stl-containers/,https://takeuforward.org/plus/dsa/problems/stl,https://takeuforward.org/plus/dsa/problems/stl,
1,Learn the basics,4,Learn STL/Java-Collections or similar thing in your language,1217,Java Collections,Easy,,,https://takeuforward.org/data-structure/java-collections,https://takeuforward.org/plus/dsa/problems/java-collections,https://takeuforward.org/plus/dsa/problems/java-collections,
1,Learn the basics,5,Know Basic Maths,367,Count all Digits of a Number,Easy,https://youtu.be/1xNbjMdbjug,,https://takeuforward.org/data-structure/count-digits-in-a-number/,https://takeuforward.org/plus/dsa/problems/count-all-digits-of-a-number,https://takeuforward.org/plus/dsa/problems/count-all-digits-of-a-number?tab=editorial,
1,Learn the basics,5,Know Basic Maths,376,Reverse a number,Easy,https://youtu.be/1xNbjMdbjug?t=930,https://leetcode.com/problems/reverse-integer/,https://takeuforward.org/maths/reverse-digits-of-a-number,https://takeuforward.org/plus/dsa/problems/reverse-a-number,https://takeuforward.org/plus/dsa/problems/reverse-a-number?tab=editorial,
1,Learn the basics,5,Know Basic Maths,374,Palindrome Number,Easy,https://youtu.be/1xNbjMdbjug?t=1230,https://leetcode.com/problems/palindrome-number/,https://takeuforward.org/data-structure/check-if-a-number-is-palindrome-or-not/,https://takeuforward.org/plus/dsa/problems/palindrome-number,https://takeuforward.org/plus/dsa/problems/palindrome-number?tab=editorial,
1,Learn the basics,5,Know Basic Maths,372,GCD of Two Numbers,Easy,https://youtu.be/1xNbjMdbjug?t=2684,,https://takeuforward.org/data-structure/find-gcd-of-two-numbers/,https://takeuforward.org/plus/dsa/problems/gcd-of-two-numbers,https://takeuforward.org/plus/dsa/problems/gcd-of-two-numbers?tab=editorial,
1,Learn the basics,5,Know Basic Maths,366,Check if the Number is Armstrong,Easy,https://youtu.be/1xNbjMdbjug?t=1418,https://leetcode.com/problems/armstrong-number/,https://takeuforward.org/maths/check-if-a-number-is-armstrong-number-or-not/,https://takeuforward.org/plus/dsa/problems/check-if-the-number-if-armstrong,https://takeuforward.org/plus/dsa/problems/check-if-the-number-if-armstrong?tab=editorial,
1,Learn the basics,5,Know Basic Maths,2807,Print all Divisors,easy,https://youtu.be/1xNbjMdbjug?t=1580,,https://takeuforward.org/data-structure/print-all-divisors-of-a-given-number/,https://takeuforward.org/plus/dsa/problems/divisors-of-a-number,https://takeuforward.org/plus/dsa/problems/divisors-of-a-number?tab=editorial,
1,Learn the basics,5,Know Basic Maths,365,Check for Prime Number,Easy,https://youtu.be/1xNbjMdbjug?t=2381,,https://takeuforward.org/data-structure/check-if-a-number-is-prime-or-not/,https://takeuforward.org/plus/dsa/problems/check-for-prime-number,https://takeuforward.org/plus/dsa/problems/check-for-prime-number?tab=editorial,
1,Learn the basics,6,Learn Basic Recursion,2401,Understand recursion by print something N times,Easy,https://www.youtube.com/watch?v=yVdKa8dnKiE&list=PLgUwDviBIf0rGlzIn_7rsaR2FQ5e6ZOL9,,https://takeuforward.org/recursion/introduction-to-recursion-understand-recursion-by-printing-something-n-times/,,https://takeuforward.org/plus/dsa/problems/recursion-theory,
1,Learn the basics,6,Learn Basic Recursion,2405,Print name N times using recursion,Easy,https://www.youtube.com/watch?v=un6PLygfXrA&list=PLgUwDviBIf0rGlzIn_7rsaR2FQ5e6ZOL9&index=2,,https://takeuforward.org/recursion/print-name-n-times-using-recursion/,,https://takeuforward.org/plus/dsa/problems/recursion-theory,
1,Learn the basics,6,Learn Basic Recursion,850,Print 1 to N using Recursion,Easy,https://www.youtube.com/watch?v=un6PLygfXrA&list=PLgUwDviBIf0rGlzIn_7rsaR2FQ5e6ZOL9&index=2,,https://takeuforward.org/recursion/print-1-to-n-using-recursion/,https://takeuforward.org/plus/dsa/problems/print-1-to-n-using-recursion,https://takeuforward.org/plus/dsa/problems/print-1-to-n-using-recursion?tab=editorial,
1,Learn the basics,6,Learn Basic Recursion,852,Print N to 1 using Recursion,Easy,https://www.youtube.com/watch?v=un6PLygfXrA&list=PLgUwDviBIf0rGlzIn_7rsaR2FQ5e6ZOL9&index=2,,https://takeuforward.org/recursion/print-n-to-1-using-recursion/,https://takeuforward.org/plus/dsa/problems/print-n-to-1-using-recursion,https://takeuforward.org/plus/dsa/problems/print-n-to-1-using-recursion?tab=editorial,
1,Learn the basics,6,Learn Basic Recursion,386,Sum of First N Numbers,Easy,https://www.youtube.com/watch?v=69ZCDFy-OUo&list=PLgUwDviBIf0rGlzIn_7rsaR2FQ5e6ZOL9&index=3,,https://takeuforward.org/data-structure/sum-of-first-n-natural-numbers/,https://takeuforward.org/plus/dsa/problems/sum-of-first-n-numbers,https://takeuforward.org/plus/dsa/problems/sum-of-first-n-numbers?tab=editorial,
1,Learn the basics,6,Learn Basic Recursion,371,Factorial of a given number,Easy,https://www.youtube.com/watch?v=69ZCDFy-OUo&list=PLgUwDviBIf0rGlzIn_7rsaR2FQ5e6ZOL9&index=3,,https://takeuforward.org/data-structure/factorial-of-a-number-iterative-and-recursive,https://takeuforward.org/plus/dsa/problems/factorial-of-a-given-number-i,https://takeuforward.org/plus/dsa/problems/factorial-of-a-given-number?tab=editorial,
1,Learn the basics,6,Learn Basic Recursion,342,Reverse an array,Easy,https://www.youtube.com/watch?v=twuC1F6gLI8&list=PLgUwDviBIf0rGlzIn_7rsaR2FQ5e6ZOL9&index=4,,https://takeuforward.org/data-structure/reverse-a-given-array/,https://takeuforward.org/plus/dsa/problems/reverse-an-array,https://takeuforward.org/plus/dsa/problems/reverse-an-array?tab=editorial,
1,Learn the basics,6,Learn Basic Recursion,378,Check if String is Palindrome or Not,Easy,https://www.youtube.com/watch?v=twuC1F6gLI8&list=PLgUwDviBIf0rGlzIn_7rsaR2FQ5e6ZOL9&index=4,https://leetcode.com/problems/valid-palindrome/,https://takeuforward.org/data-structure/check-if-the-given-string-is-palindrome-or-not/,https://takeuforward.org/plus/dsa/problems/check-if-string-is-palindrome-or-not-,https://takeuforward.org/plus/dsa/problems/check-if-string-is-palindrome-or-not-?tab=editorial,
1,Learn the basics,6,Learn Basic Recursion,381,Fibonacci Number,Easy,https://www.youtube.com/watch?v=kvRjNm4rVBE&list=PLgUwDviBIf0rGlzIn_7rsaR2FQ5e6ZOL9&index=5,https://leetcode.com/problems/fibonacci-number/,https://takeuforward.org/arrays/print-fibonacci-series-up-to-nth-term/,https://takeuforward.org/plus/dsa/problems/fibonacci-number,https://takeuforward.org/plus/dsa/problems/fibonacci-number?tab=editorial,
1,Learn the basics,7,Learn Basic Hashing,1203,Basic Hashing,Easy,https://www.youtube.com/watch?v=KEs5UyBJ39g,,https://takeuforward.org/hashing/hashing-maps-time-complexity-collisions-division-rule-of-hashing-strivers-a2z-dsa-course/,https://takeuforward.org/plus/dsa/problems/basic-hashing,https://takeuforward.org/plus/dsa/problems/basic-hashing,
1,Learn the basics,7,Learn Basic Hashing,252,Counting Frequencies of Array Elements,Easy,,,https://takeuforward.org/data-structure/count-frequency-of-each-element-in-the-array/,https://takeuforward.org/plus/dsa/problems/counting-frequencies-of-array-elements,https://takeuforward.org/plus/dsa/problems/counting-frequencies-of-array-elements?tab=editorial,
1,Learn the basics,7,Learn Basic Hashing,344,Highest Occurring Element in an Array,Easy,,https://leetcode.com/problems/frequency-of-the-most-frequent-element/,https://takeuforward.org/arrays/find-the-highest-lowest-frequency-element/,https://takeuforward.org/plus/dsa/problems/highest-occurring-element-in-an-array,https://takeuforward.org/plus/dsa/problems/highest-occurring-element-in-an-array?tab=editorial,
2,Learn Important Sorting Techniques,1,Sorting-I,947,Selection Sort,Easy,https://youtu.be/HGk_ypEuS24?t=167,,https://takeuforward.org/sorting/selection-sort-algorithm/,https://takeuforward.org/plus/dsa/problems/selection-sort,https://takeuforward.org/plus/dsa/problems/selection-sort?tab=editorial,
2,Learn Important Sorting Techniques,1,Sorting-I,943,Bubble Sort,Easy,https://youtu.be/HGk_ypEuS24?t=1061,,https://takeuforward.org/data-structure/bubble-sort-algorithm/,https://takeuforward.org/plus/dsa/problems/bubble-sort,https://takeuforward.org/plus/dsa/problems/bubble-sort?tab=editorial,
2,Learn Important Sorting Techniques,1,Sorting-I,944,Insertion Sorting,Easy,https://youtu.be/HGk_ypEuS24?t=1900,,https://takeuforward.org/data-structure/insertion-sort-algorithm/,https://takeuforward.org/plus/dsa/problems/insertion-sorting,https://takeuforward.org/plus/dsa/problems/insertion-sorting?tab=editorial,
2,Learn Important Sorting Techniques,2,Sorting-II,945,Merge Sorting,Medium,https://youtu.be/ogjf7ORKfd8,,https://takeuforward.org/data-structure/merge-sort-algorithm/,https://takeuforward.org/plus/dsa/problems/merge-sorting,https://takeuforward.org/plus/dsa/problems/merge-sorting?tab=editorial,
2,Learn Important Sorting Techniques,2,Sorting-II,881,Recursive Bubble Sort,Easy,,,https://takeuforward.org/arrays/recursive-bubble-sort-algorithm/,https://takeuforward.org/plus/dsa/problems/recursive-bubble-sort,https://takeuforward.org/plus/dsa/problems/recursive-bubble-sort?tab=editorial,
2,Learn Important Sorting Techniques,2,Sorting-II,882,Recursive Insertion Sort,Easy,,,https://takeuforward.org/arrays/recursive-insertion-sort-algorithm/,https://takeuforward.org/plus/dsa/problems/recursive-insertion-sort,https://takeuforward.org/plus/dsa/problems/recursive-insertion-sort?tab=editorial,
2,Learn Important Sorting Techniques,2,Sorting-II,946,Quick Sorting,Easy,https://youtu.be/WIrA4YexLRQ,,https://takeuforward.org/data-structure/quick-sort-algorithm/,https://takeuforward.org/plus/dsa/problems/quick-sorting,https://takeuforward.org/plus/dsa/problems/quick-sorting?tab=editorial,
3,Solve Problems on Arrays [Easy -> Medium -> Hard],1,Easy,38,Largest Element,Easy,https://youtu.be/37E9ckMDdTk?t=526,,https://takeuforward.org/data-structure/find-the-largest-element-in-an-array/,https://takeuforward.org/plus/dsa/problems/largest-element,https://takeuforward.org/plus/dsa/problems/largest-element?tab=editorial,
3,Solve Problems on Arrays [Easy -> Medium -> Hard],1,Easy,43,Second Largest Element,Easy,https://youtu.be/37E9ckMDdTk?t=810,,https://takeuforward.org/data-structure/find-second-smallest-and-second-largest-element-in-an-array/,https://takeuforward.org/plus/dsa/problems/second-largest-element,https://takeuforward.org/plus/dsa/problems/second-largest-element?tab=editorial,
3,Solve Problems on Arrays [Easy -> Medium -> Hard],1,Easy,379,Check if the Array is Sorted II,Easy,https://youtu.be/37E9ckMDdTk?t=17224,"https://leetcode.com/problems/check-if-array-is-sorted-and-rotated/#:~:text=Input%3A%20nums%20%3D%20%5B2%2C,no%20rotation)%20to%20make%20nums.",https://takeuforward.org/data-structure/check-if-an-array-is-sorted/,https://takeuforward.org/plus/dsa/problems/check-if-the-array-is-sorted-ii,https://takeuforward.org/plus/dsa/problems/check-if-the-array-is-sorted-ii?tab=editorial,
3,Solve Problems on Arrays [Easy -> Medium -> Hard],1,Easy,2764,Remove duplicates from Sorted array,Easy,https://youtu.be/37E9ckMDdTk?t=1887,"https://leetcode.com/problems/remove-duplicates-from-sorted-array/#:~:text=Input%3A%20nums%20%3D%20%5B0%2C,%2C%203%2C%20and%204%20respectively.",https://takeuforward.org/data-structure/remove-duplicates-in-place-from-sorted-array/,https://takeuforward.org/plus/dsa/problems/remove-duplicates-from-sorted-array,https://takeuforward.org/plus/dsa/problems/remove-duplicates-from-sorted-array?tab=editorial,
3,Solve Problems on Arrays [Easy -> Medium -> Hard],1,Easy,40,Left Rotate Array by One,Easy,https://youtu.be/wvcQg43_V8U?t=61,https://leetcode.com/problems/rotate-array/,https://takeuforward.org/data-structure/left-rotate-the-array-by-one/,https://takeuforward.org/plus/dsa/problems/left-rotate-array-by-one,https://takeuforward.org/plus/dsa/problems/left-rotate-array-by-one?tab=editorial,
3,Solve Problems on Arrays [Easy -> Medium -> Hard],1,Easy,39,Left Rotate Array by K Places,Easy,https://youtu.be/wvcQg43_V8U?t=485,https://leetcode.com/problems/rotate-array/,https://takeuforward.org/data-structure/rotate-array-by-k-elements/,https://takeuforward.org/plus/dsa/problems/left-rotate-array,https://takeuforward.org/plus/dsa/problems/left-rotate-array?tab=editorial,
3,Solve Problems on Arrays [Easy -> Medium -> Hard],1,Easy,46,Move Zeros to End,Easy,https://youtu.be/wvcQg43_V8U?t=1633,https://leetcode.com/problems/move-zeroes/,https://takeuforward.org/data-structure/move-all-zeros-to-the-end-of-the-array/,https://takeuforward.org/plus/dsa/problems/move-zeros-to-end,https://takeuforward.org/plus/dsa/problems/move-zeros-to-end?tab=editorial,
3,Solve Problems on Arrays [Easy -> Medium -> Hard],1,Easy,41,Linear Search,Easy,https://youtu.be/wvcQg43_V8U?t=2465,,https://takeuforward.org/data-structure/linear-search-in-c/,https://takeuforward.org/plus/dsa/problems/linear-search,https://takeuforward.org/plus/dsa/problems/linear-search?tab=editorial,
3,Solve Problems on Arrays [Easy -> Medium -> Hard],1,Easy,48,Union of two sorted arrays,Easy,https://youtu.be/wvcQg43_V8U?t=2584,,https://takeuforward.org/data-structure/union-of-two-sorted-arrays/,https://takeuforward.org/plus/dsa/problems/union-of-two-sorted-arrays,https://takeuforward.org/plus/dsa/problems/union-of-two-sorted-arrays?tab=editorial,
3,Solve Problems on Arrays [Easy -> Medium -> Hard],1,Easy,44,Find missing number,Easy,,,https://www.geeksforgeeks.org/find-the-missing-number/,https://takeuforward.org/plus/dsa/problems/find-missing-number,,
3,Solve Problems on Arrays [Easy -> Medium -> Hard],1,Easy,42,Maximum Consecutive Ones,Easy,https://youtu.be/bYWLJb3vCWY?t=1124,https://leetcode.com/problems/max-consecutive-ones/,https://takeuforward.org/data-structure/count-maximum-consecutive-ones-in-the-array/,https://takeuforward.org/plus/dsa/problems/maximum-consecutive-ones,https://takeuforward.org/plus/dsa/problems/maximum-consecutive-ones?tab=editorial,
3,Solve Problems on Arrays [Easy -> Medium -> Hard],1,Easy,2793,"Find the number that appears once, and other numbers twice.",Medium,https://youtu.be/bYWLJb3vCWY?t=1369,https://leetcode.com/problems/single-number/,https://takeuforward.org/arrays/find-the-number-that-appears-once-and-the-other-numbers-twice/,https://takeuforward.org/plus/dsa/problems/single-number---i,https://takeuforward.org/plus/dsa/problems/single-number---i?tab=editorial,
3,Solve Problems on Arrays [Easy -> Medium -> Hard],1,Easy,2836,Longest subarray with given sum K(positives),Medium,https://www.youtube.com/watch?v=frf7qxiN2qU&feature=youtu.be,,https://takeuforward.org/data-structure/longest-subarray-with-given-sum-k/,https://takeuforward.org/plus/dsa/problems/longest-subarray-with-sum-k,https://takeuforward.org/plus/dsa/problems/longest-subarray-with-sum-k?tab=editorial,
3,Solve Problems on Arrays [Easy -> Medium -> Hard],1,Easy,564,Longest subarray with sum K,Medium,https://youtu.be/frf7qxiN2qU,,https://takeuforward.org/arrays/longest-subarray-with-sum-k-postives-and-negatives,https://takeuforward.org/plus/dsa/problems/longest-subarray-with-sum-k,https://takeuforward.org/plus/dsa/problems/longest-subarray-with-sum-k?tab=editorial,
3,Solve Problems on Arrays [Easy -> Medium -> Hard],2,Medium,37,Two Sum,Easy,https://youtu.be/UXDSeD9mN-k,https://leetcode.com/problems/two-sum/,https://takeuforward.org/data-structure/two-sum-check-if-a-pair-with-given-sum-exists-in-array/,https://takeuforward.org/plus/dsa/problems/two-sum,https://takeuforward.org/plus/dsa/problems/two-sum?tab=editorial,
3,Solve Problems on Arrays [Easy -> Medium -> Hard],2,Medium,2762,Sort an array of 0's 1's and 2's,Medium,https://youtu.be/tp8JIuCXBaU,https://leetcode.com/problems/sort-colors/,https://takeuforward.org/data-structure/sort-an-array-of-0s-1s-and-2s/,https://takeuforward.org/plus/dsa/problems/sort-an-array-of-0's-1's-and-2's,https://takeuforward.org/plus/dsa/problems/sort-an-array-of-0's-1's-and-2's?tab=editorial,
3,Solve Problems on Arrays [Easy -> Medium -> Hard],2,Medium,22,Majority Element-I,Easy,https://youtu.be/nP_ns3uSh80,https://leetcode.com/problems/majority-element/,https://takeuforward.org/data-structure/find-the-majority-element-that-occurs-more-than-n-2-times/,https://takeuforward.org/plus/dsa/problems/majority-element-i,https://takeuforward.org/plus/dsa/problems/majority-element-i?tab=editorial,
3,Solve Problems on Arrays [Easy -> Medium -> Hard],2,Medium,29,Kadane's Algorithm,Medium,https://youtu.be/AHZpyENo7k4?si=QJpof4R1hHokm1hw,https://leetcode.com/problems/maximum-subarray/,https://takeuforward.org/data-structure/kadanes-algorithm-maximum-subarray-sum-in-an-array/,https://takeuforward.org/plus/dsa/problems/kadane's-algorithm,https://takeuforward.org/plus/dsa/problems/kadane's-algorithm?tab=editorial,
3,Solve Problems on Arrays [Easy -> Medium -> Hard],2,Medium,2761,Print subarray with maximum subarray sum (extended version of above problem),Medium,https://youtu.be/AHZpyENo7k4,,https://takeuforward.org/data-structure/kadanes-algorithm-maximum-subarray-sum-in-an-array/,https://takeuforward.org/plus/dsa/problems/kadane's-algorithm,https://takeuforward.org/plus/dsa/problems/kadane's-algorithm?tab=editorial,
3,Solve Problems on Arrays [Easy -> Medium -> Hard],2,Medium,2798,Stock Buy and Sell,Medium,https://youtu.be/excAOvwF_Wk,https://leetcode.com/problems/best-time-to-buy-and-sell-stock/,https://takeuforward.org/data-structure/stock-buy-and-sell/,https://takeuforward.org/plus/dsa/problems/best-time-to-buy-and-sell-stock,https://takeuforward.org/plus/dsa/problems/best-time-to-buy-and-sell-stock?tab=editorial,
3,Solve Problems on Arrays [Easy -> Medium -> Hard],2,Medium,34,Rearrange array elements by sign,Medium,https://youtu.be/h4aBagy4Uok,https://leetcode.com/problems/rearrange-array-elements-by-sign/,https://takeuforward.org/arrays/rearrange-array-elements-by-sign/,https://takeuforward.org/plus/dsa/problems/rearrange-array-elements-by-sign,https://takeuforward.org/plus/dsa/problems/rearrange-array-elements-by-sign?tab=editorial,
3,Solve Problems on Arrays [Easy -> Medium -> Hard],2,Medium,31,Next Permutation,Medium,https://youtu.be/JDOXKqF60RQ,https://leetcode.com/problems/next-permutation/,https://takeuforward.org/data-structure/next_permutation-find-next-lexicographically-greater-permutation/,https://takeuforward.org/plus/dsa/problems/next-permutation,https://takeuforward.org/plus/dsa/problems/next-permutation?tab=editorial,
3,Solve Problems on Arrays [Easy -> Medium -> Hard],2,Medium,30,Leaders in an Array,Medium,https://youtu.be/cHrH9CQ8pmY,,https://takeuforward.org/data-structure/leaders-in-an-array/,https://takeuforward.org/plus/dsa/problems/leaders-in-an-array,https://takeuforward.org/plus/dsa/problems/leaders-in-an-array?tab=editorial,
3,Solve Problems on Arrays [Easy -> Medium -> Hard],2,Medium,2835,Longest Consecutive Sequence in an Array,Medium,https://youtu.be/oO5uLE7EUlM,https://leetcode.com/problems/longest-consecutive-sequence/solution/,https://takeuforward.org/data-structure/longest-consecutive-sequence-in-an-array/,https://takeuforward.org/plus/dsa/problems/longest-consecutive-sequence-in-an-array,https://takeuforward.org/plus/dsa/problems/longest-consecutive-sequence-in-an-array?tab=editorial,
3,Solve Problems on Arrays [Easy -> Medium -> Hard],2,Medium,911,Set Matrix Zeroes,Medium,https://youtu.be/N0MgLvceX7M,https://leetcode.com/problems/set-matrix-zeroes/,https://takeuforward.org/data-structure/set-matrix-zero/,https://takeuforward.org/plus/dsa/problems/set-matrix-zeroes,https://takeuforward.org/plus/dsa/problems/set-matrix-zeroes?tab=editorial,
3,Solve Problems on Arrays [Easy -> Medium -> Hard],2,Medium,35,Rotate matrix by 90 degrees,Medium,https://youtu.be/Z0R2u6gd3GU,https://leetcode.com/problems/rotate-image/,https://takeuforward.org/data-structure/rotate-image-by-90-degree/,https://takeuforward.org/plus/dsa/problems/rotate-matrix-by-90-degrees,https://takeuforward.org/plus/dsa/problems/rotate-matrix-by-90-degrees?tab=editorial,
3,Solve Problems on Arrays [Easy -> Medium -> Hard],2,Medium,33,Print the matrix in spiral manner,Medium,https://youtu.be/3Zv-s9UUrFM,https://leetcode.com/problems/spiral-matrix/,https://takeuforward.org/data-structure/spiral-traversal-of-matrix/,https://takeuforward.org/plus/dsa/problems/print-the-matrix-in-spiral-manner,https://takeuforward.org/plus/dsa/problems/print-the-matrix-in-spiral-manner?tab=editorial,
3,Solve Problems on Arrays [Easy -> Medium -> Hard],2,Medium,561,Count subarrays with given sum,Medium,https://www.youtube.com/watch?v=xvNwoz-ufXA&list=PLgUwDviBIf0oF6QL8m22w1hIDC1vJ_BHz&index=32,https://leetcode.com/problems/subarray-sum-equals-k/,https://takeuforward.org/arrays/count-subarray-sum-equals-k/,https://takeuforward.org/plus/dsa/problems/count-subarrays-with-given-sum,https://takeuforward.org/plus/dsa/problems/count-subarrays-with-given-sum?tab=editorial,
3,Solve Problems on Arrays [Easy -> Medium -> Hard],3,Hard,813,Pascal's Triangle I,Easy,https://youtu.be/bR7mQgwQ_o8,https://leetcode.com/problems/pascals-triangle/,https://takeuforward.org/data-structure/program-to-generate-pascals-triangle,https://takeuforward.org/plus/dsa/problems/pascals-triangle-i,https://takeuforward.org/plus/dsa/problems/pascals-triangle-i?tab=editorial,
3,Solve Problems on Arrays [Easy -> Medium -> Hard],3,Hard,23,Majority Element-II,Hard,https://youtu.be/vwZj1K0e9U8,https://leetcode.com/problems/majority-element-ii/,https://takeuforward.org/data-structure/majority-elementsn-3-times-find-the-elements-that-appears-more-than-n-3-times-in-the-array/,https://takeuforward.org/plus/dsa/problems/majority-element-ii,https://takeuforward.org/plus/dsa/problems/majority-element-ii?tab=editorial,
3,Solve Problems on Arrays [Easy -> Medium -> Hard],3,Hard,27,3 Sum,Medium,https://youtu.be/DhFh8Kw7ymk,https://leetcode.com/problems/3sum/,https://takeuforward.org/data-structure/3-sum-find-triplets-that-add-up-to-a-zero/,https://takeuforward.org/plus/dsa/problems/3-sum,https://takeuforward.org/plus/dsa/problems/3-sum?tab=editorial,
3,Solve Problems on Arrays [Easy -> Medium -> Hard],3,Hard,28,4 Sum,Medium,https://youtu.be/eD95WRfh81c,https://leetcode.com/problems/4sum/,https://takeuforward.org/data-structure/4-sum-find-quads-that-add-up-to-a-target-value/,https://takeuforward.org/plus/dsa/problems/4-sum,https://takeuforward.org/plus/dsa/problems/4-sum?tab=editorial,
3,Solve Problems on Arrays [Easy -> Medium -> Hard],3,Hard,605,Largest Subarray with Sum 0,Medium,https://www.youtube.com/watch?v=xmguZ6GbatA&list=PLgUwDviBIf0p4ozDR_kJJkONnb1wdx2Ma&index=23,,https://takeuforward.org/data-structure/length-of-the-longest-subarray-with-zero-sum/,https://takeuforward.org/plus/dsa/problems/largest-subarray-with-sum-0,https://takeuforward.org/plus/dsa/problems/largest-subarray-with-sum-0?tab=editorial,
3,Solve Problems on Arrays [Easy -> Medium -> Hard],3,Hard,562,Count subarrays with given xor K,Hard,https://youtu.be/eZr-6p0B7ME,,https://takeuforward.org/data-structure/count-the-number-of-subarrays-with-given-xor-k/,https://takeuforward.org/plus/dsa/problems/count-subarrays-with-given-xor-k,https://takeuforward.org/plus/dsa/problems/count-subarrays-with-given-xor-k?tab=editorial,
3,Solve Problems on Arrays [Easy -> Medium -> Hard],3,Hard,715,Merge Overlapping Subintervals,Medium,https://youtu.be/IexN60k62jo,https://leetcode.com/problems/merge-intervals/,https://takeuforward.org/data-structure/merge-overlapping-sub-intervals/,https://takeuforward.org/plus/dsa/problems/merge-overlapping-subintervals,https://takeuforward.org/plus/dsa/problems/merge-overlapping-subintervals?tab=editorial,
3,Solve Problems on Arrays [Easy -> Medium -> Hard],3,Hard,25,Merge two sorted arrays without extra space,Medium,https://youtu.be/n7uwj04E0I4,https://leetcode.com/problems/merge-sorted-array/,https://takeuforward.org/data-structure/merge-two-sorted-arrays-without-extra-space/,https://takeuforward.org/plus/dsa/problems/merge-two-sorted-arrays-without-extra-space,https://takeuforward.org/plus/dsa/problems/merge-two-sorted-arrays-without-extra-space?tab=editorial,
3,Solve Problems on Arrays [Easy -> Medium -> Hard],3,Hard,21,Find the repeating and missing number,Hard,https://youtu.be/2D0D8HE6uak,,https://takeuforward.org/data-structure/find-the-repeating-and-missing-numbers/,https://takeuforward.org/plus/dsa/problems/find-the-repeating-and-missing-number,https://takeuforward.org/plus/dsa/problems/find-the-repeating-and-missing-number?tab=editorial,
3,Solve Problems on Arrays [Easy -> Medium -> Hard],3,Hard,20,Count Inversions,Hard,https://youtu.be/AseUmwVNaoY,,https://takeuforward.org/data-structure/count-inversions-in-an-array,https://takeuforward.org/plus/dsa/problems/count-inversions,https://takeuforward.org/plus/dsa/problems/count-inversions?tab=editorial,
3,Solve Problems on Arrays [Easy -> Medium -> Hard],3,Hard,26,Reverse Pairs,Hard,https://youtu.be/0e4bZaP3MDI,https://leetcode.com/problems/reverse-pairs/,https://takeuforward.org/data-structure/count-reverse-pairs/,https://takeuforward.org/plus/dsa/problems/reverse-pairs,https://takeuforward.org/plus/dsa/problems/reverse-pairs?tab=editorial,
3,Solve Problems on Arrays [Easy -> Medium -> Hard],3,Hard,24,Maximum Product Subarray in an Array,Hard,,https://leetcode.com/problems/maximum-product-subarray/,https://takeuforward.org/data-structure/maximum-product-subarray-in-an-array/,https://takeuforward.org/plus/dsa/problems/maximum-product-subarray-in-an-array,https://takeuforward.org/plus/dsa/problems/maximum-product-subarray-in-an-array?tab=editorial,
4,"Binary Search [1D, 2D Arrays, Search Space]",1,BS on 1D Arrays,81,Search X in sorted array,Easy,https://youtu.be/MHf6awe89xw,https://leetcode.com/problems/binary-search/,https://takeuforward.org/data-structure/binary-search-explained/,https://takeuforward.org/plus/dsa/problems/search-x-in-sorted-array,https://takeuforward.org/plus/dsa/problems/search-x-in-sorted-array?tab=editorial,
4,"Binary Search [1D, 2D Arrays, Search Space]",1,BS on 1D Arrays,80,Lower Bound,Easy,https://youtu.be/6zhGS79oQ4k,,https://takeuforward.org/arrays/implement-lower-bound-bs-2/,https://takeuforward.org/plus/dsa/problems/lower-bound-,https://takeuforward.org/plus/dsa/problems/lower-bound-?tab=editorial,
4,"Binary Search [1D, 2D Arrays, Search Space]",1,BS on 1D Arrays,82,Upper Bound,Easy,https://youtu.be/6zhGS79oQ4k,,https://takeuforward.org/arrays/implement-upper-bound/,https://takeuforward.org/plus/dsa/problems/upper-bound,https://takeuforward.org/plus/dsa/problems/upper-bound?tab=editorial,
4,"Binary Search [1D, 2D Arrays, Search Space]",1,BS on 1D Arrays,89,Search insert position,Easy,https://youtu.be/6zhGS79oQ4k,"https://leetcode.com/problems/search-insert-position/#:~:text=Search%20Insert%20Position%20%2D%20LeetCode&text=Given%20a%20sorted%20array%20of,(log%20n)%20runtime%20complexity.",https://takeuforward.org/arrays/search-insert-position/,https://takeuforward.org/plus/dsa/problems/search-insert-position,https://takeuforward.org/plus/dsa/problems/search-insert-position?tab=editorial,
4,"Binary Search [1D, 2D Arrays, Search Space]",1,BS on 1D Arrays,86,Floor and Ceil in Sorted Array,Easy,https://www.youtube.com/watch?v=6zhGS79oQ4k&list=PLgUwDviBIf0pMFMWuuvDNMAkoQFi-h0ZF&index=3,,https://takeuforward.org/arrays/floor-and-ceil-in-sorted-array/,https://takeuforward.org/plus/dsa/problems/floor-and-ceil-in-sorted-array,https://takeuforward.org/plus/dsa/problems/floor-and-ceil-in-sorted-array?tab=editorial,
4,"Binary Search [1D, 2D Arrays, Search Space]",1,BS on 1D Arrays,85,First and last occurrence,Easy,https://youtu.be/hjR1IYVx9lY,https://leetcode.com/problems/find-first-and-last-position-of-element-in-sorted-array/,https://takeuforward.org/data-structure/last-occurrence-in-a-sorted-array/,https://takeuforward.org/plus/dsa/problems/first-and-last-occurrence,https://takeuforward.org/plus/dsa/problems/first-and-last-occurrence?tab=editorial,
4,"Binary Search [1D, 2D Arrays, Search Space]",1,BS on 1D Arrays,229,Count Occurrences in a Sorted Array,Easy,https://youtu.be/hjR1IYVx9lY,,https://takeuforward.org/data-structure/count-occurrences-in-sorted-array/,https://takeuforward.org/plus/dsa/problems/count-occurrences-in-a-sorted-array,https://takeuforward.org/plus/dsa/problems/count-occurrences-in-a-sorted-array?tab=editorial,
4,"Binary Search [1D, 2D Arrays, Search Space]",1,BS on 1D Arrays,87,Search in rotated sorted array-I,Medium,https://www.youtube.com/watch?v=r3pMQ8-Ad5s&list=PLgUwDviBIf0p4ozDR_kJJkONnb1wdx2Ma&index=64,https://leetcode.com/problems/search-in-rotated-sorted-array/,https://takeuforward.org/data-structure/search-element-in-a-rotated-sorted-array/,https://takeuforward.org/plus/dsa/problems/search-in-rotated-sorted-array-i,https://takeuforward.org/plus/dsa/problems/search-in-rotated-sorted-array-i?tab=editorial,
4,"Binary Search [1D, 2D Arrays, Search Space]",1,BS on 1D Arrays,88,Search in rotated sorted array-II,Medium,https://youtu.be/w2G2W8l__pc,https://leetcode.com/problems/search-in-rotated-sorted-array-ii/,https://takeuforward.org/arrays/search-element-in-rotated-sorted-array-ii,https://takeuforward.org/plus/dsa/problems/search-in-rotated-sorted-array-2,https://takeuforward.org/plus/dsa/problems/search-in-rotated-sorted-array-2?tab=editorial,
4,"Binary Search [1D, 2D Arrays, Search Space]",1,BS on 1D Arrays,83,Find minimum in Rotated Sorted Array,Easy,https://youtu.be/nhEMDKMB44g,https://leetcode.com/problems/find-minimum-in-rotated-sorted-array/,https://takeuforward.org/data-structure/minimum-in-rotated-sorted-array/,https://takeuforward.org/plus/dsa/problems/find-minimum-in-rotated-sorted-array,https://takeuforward.org/plus/dsa/problems/find-minimum-in-rotated-sorted-array?tab=editorial,
4,"Binary Search [1D, 2D Arrays, Search Space]",1,BS on 1D Arrays,84,Find out how many times the array is rotated,Easy,https://youtu.be/jtSiWTPLwd0,,https://takeuforward.org/arrays/find-out-how-many-times-the-array-has-been-rotated/,https://takeuforward.org/plus/dsa/problems/find-out-how-many-times-the-array-is-rotated,https://takeuforward.org/plus/dsa/problems/find-out-how-many-times-the-array-is-rotated?tab=editorial,
4,"Binary Search [1D, 2D Arrays, Search Space]",1,BS on 1D Arrays,2770,Single element in a Sorted Array,Medium,https://youtu.be/AZOmHuHadxQ,https://leetcode.com/problems/single-element-in-a-sorted-array/,https://takeuforward.org/data-structure/search-single-element-in-a-sorted-array/,https://takeuforward.org/plus/dsa/problems/single-element-in-sorted-array,https://takeuforward.org/plus/dsa/problems/single-element-in-sorted-array?tab=editorial,
4,"Binary Search [1D, 2D Arrays, Search Space]",1,BS on 1D Arrays,75,Find peak element,Medium,https://youtu.be/cXxmbemS6XM,"https://leetcode.com/problems/find-peak-element/#:~:text=Find%20Peak%20Element%20%2D%20LeetCode&text=A%20peak%20element%20is%20an,to%20any%20of%20the%20peaks.",https://takeuforward.org/data-structure/peak-element-in-array/,https://takeuforward.org/plus/dsa/problems/find-peak-element,https://takeuforward.org/plus/dsa/problems/find-peak-element?tab=editorial,
4,"Binary Search [1D, 2D Arrays, Search Space]",2,BS on Answers,92,Find square root of a number,Medium,https://youtu.be/Bsv3FPUX_BA,,https://takeuforward.org/binary-search/finding-sqrt-of-a-number-using-binary-search/,https://takeuforward.org/plus/dsa/problems/find-square-root-of-a-number,https://takeuforward.org/plus/dsa/problems/find-square-root-of-a-number?tab=editorial,
4,"Binary Search [1D, 2D Arrays, Search Space]",2,BS on Answers,91,Find Nth root of a number,Medium,https://www.youtube.com/watch?v=WjpswYrS2nY&list=PLgUwDviBIf0p4ozDR_kJJkONnb1wdx2Ma&index=62,,https://takeuforward.org/data-structure/nth-root-of-a-number-using-binary-search/,https://takeuforward.org/plus/dsa/problems/find-nth-root-of-a-number,https://takeuforward.org/plus/dsa/problems/find-nth-root-of-a-number?tab=editorial,
4,"Binary Search [1D, 2D Arrays, Search Space]",2,BS on Answers,94,Koko eating bananas,Medium,https://youtu.be/qyfekrNni90,https://leetcode.com/problems/koko-eating-bananas/,https://takeuforward.org/binary-search/koko-eating-bananas/,https://takeuforward.org/plus/dsa/problems/koko-eating-bananas,https://takeuforward.org/plus/dsa/problems/koko-eating-bananas?tab=editorial,
4,"Binary Search [1D, 2D Arrays, Search Space]",2,BS on Answers,95,Minimum days to make M bouquets,Medium,https://youtu.be/TXAuxeYBTdg,https://leetcode.com/problems/minimum-number-of-days-to-make-m-bouquets/,https://takeuforward.org/arrays/minimum-days-to-make-m-bouquets/,https://takeuforward.org/plus/dsa/problems/minimum-days-to-make-m-bouquets,https://takeuforward.org/plus/dsa/problems/minimum-days-to-make-m-bouquets?tab=editorial,
4,"Binary Search [1D, 2D Arrays, Search Space]",2,BS on Answers,93,Find the smallest divisor,Medium,https://youtu.be/UvBKTVaG6U8,https://leetcode.com/problems/find-the-smallest-divisor-given-a-threshold/,https://takeuforward.org/arrays/find-the-smallest-divisor-given-a-threshold/,https://takeuforward.org/plus/dsa/problems/find-the-smallest-divisor,https://takeuforward.org/plus/dsa/problems/find-the-smallest-divisor?tab=editorial,
4,"Binary Search [1D, 2D Arrays, Search Space]",2,BS on Answers,161,Capacity to Ship Packages Within D Days,Medium,https://youtu.be/MG-Ac4TAvTY,https://leetcode.com/problems/capacity-to-ship-packages-within-d-days/,https://takeuforward.org/arrays/capacity-to-ship-packages-within-d-days/,https://takeuforward.org/plus/dsa/problems/capacity-to-ship-packages-within-d-days,https://takeuforward.org/plus/dsa/problems/capacity-to-ship-packages-within-d-days?tab=editorial,
4,"Binary Search [1D, 2D Arrays, Search Space]",2,BS on Answers,600,Kth Missing Positive Number,Medium,https://youtu.be/uZ0N_hZpyps,"https://leetcode.com/problems/kth-missing-positive-number/#:~:text=Given%20an%20array%20arr%20of,13%2C...%5D.",https://takeuforward.org/arrays/kth-missing-positive-number/,https://takeuforward.org/plus/dsa/problems/kth-missing-positive-number,https://takeuforward.org/plus/dsa/problems/kth-missing-positive-number?tab=editorial,
4,"Binary Search [1D, 2D Arrays, Search Space]",2,BS on Answers,73,Aggressive Cows,Hard,https://youtu.be/R_Mfw4ew-Vo,,https://takeuforward.org/data-structure/aggressive-cows-detailed-solution/,https://takeuforward.org/plus/dsa/problems/aggressive-cows,https://takeuforward.org/plus/dsa/problems/aggressive-cows?tab=editorial,
4,"Binary Search [1D, 2D Arrays, Search Space]",2,BS on Answers,74,Book Allocation Problem,Hard,https://www.youtube.com/watch?v=gYmWHvRHu-s&list=PLgUwDviBIf0p4ozDR_kJJkONnb1wdx2Ma&index=69,,https://takeuforward.org/data-structure/allocate-minimum-number-of-pages/,https://takeuforward.org/plus/dsa/problems/book-allocation-problem,https://takeuforward.org/plus/dsa/problems/book-allocation-problem?tab=editorial,
4,"Binary Search [1D, 2D Arrays, Search Space]",2,BS on Answers,79,Split array - largest sum,Hard,https://www.youtube.com/watch?v=thUd_WJn6wk&list=PLgUwDviBIf0pMFMWuuvDNMAkoQFi-h0ZF&index=20,https://leetcode.com/problems/split-array-largest-sum/,https://takeuforward.org/arrays/split-array-largest-sum/,https://takeuforward.org/plus/dsa/problems/split-array---largest-sum,https://takeuforward.org/plus/dsa/problems/split-array---largest-sum?tab=editorial,
4,"Binary Search [1D, 2D Arrays, Search Space]",2,BS on Answers,805,Painter's Partition,Medium,https://www.youtube.com/watch?v=thUd_WJn6wk&list=PLgUwDviBIf0pMFMWuuvDNMAkoQFi-h0ZF&index=20,,https://takeuforward.org/arrays/painters-partition-problem/,https://takeuforward.org/plus/dsa/problems/painters-partition,https://takeuforward.org/plus/dsa/problems/painters-partition?tab=editorial,
4,"Binary Search [1D, 2D Arrays, Search Space]",2,BS on Answers,78,Minimize Max Distance to Gas Station,Hard,https://www.youtube.com/watch?v=kMSBvlZ-_HA&list=PLgUwDviBIf0pMFMWuuvDNMAkoQFi-h0ZF&index=21,https://leetcode.com/problems/minimize-max-distance-to-gas-station/,https://takeuforward.org/arrays/minimise-maximum-distance-between-gas-stations/,https://takeuforward.org/plus/dsa/problems/minimise-max-distance-to-gas-stations,https://takeuforward.org/plus/dsa/problems/minimise-max-distance-to-gas-stations?tab=editorial,
4,"Binary Search [1D, 2D Arrays, Search Space]",2,BS on Answers,77,Median of 2 sorted arrays,Hard,https://www.youtube.com/watch?v=NTop3VTjmxk&list=PLgUwDviBIf0p4ozDR_kJJkONnb1wdx2Ma&index=65,https://leetcode.com/problems/median-of-two-sorted-arrays/,,https://takeuforward.org/plus/dsa/problems/median-of-2-sorted-arrays,,
4,"Binary Search [1D, 2D Arrays, Search Space]",2,BS on Answers,2767,Kth element of 2 sorted arrays,Medium,https://youtu.be/D1oDwWCq50g,,https://takeuforward.org/data-structure/k-th-element-of-two-sorted-arrays/,https://takeuforward.org/plus/dsa/problems/kth-element-of-2-sorted-arrays,https://takeuforward.org/plus/dsa/problems/kth-element-of-2-sorted-arrays?tab=editorial,
4,"Binary Search [1D, 2D Arrays, Search Space]",3,BS on 2D Arrays,66,Find row with maximum 1's,Easy,https://youtu.be/SCz-1TtYxDI,,https://takeuforward.org/arrays/find-the-row-with-maximum-number-of-1s/,https://takeuforward.org/plus/dsa/problems/find-row-with-maximum-1's,https://takeuforward.org/plus/dsa/problems/find-row-with-maximum-1's?tab=editorial,
4,"Binary Search [1D, 2D Arrays, Search Space]",3,BS on 2D Arrays,69,Search in a 2D matrix,Hard,https://youtu.be/ZYpYur0znng,https://leetcode.com/problems/search-a-2d-matrix/,https://takeuforward.org/data-structure/search-in-a-sorted-2d-matrix/,https://takeuforward.org/plus/dsa/problems/search-in-a-2d-matrix,,
4,"Binary Search [1D, 2D Arrays, Search Space]",3,BS on 2D Arrays,68,Search in 2D matrix - II,Hard,https://youtu.be/9ZbB397jU4k,https://leetcode.com/problems/search-a-2d-matrix-ii/,https://takeuforward.org/arrays/search-in-a-row-and-column-wise-sorted-matrix/,https://takeuforward.org/plus/dsa/problems/search-in-2d-matrix-ii,https://takeuforward.org/plus/dsa/problems/search-in-2d-matrix-ii?tab=editorial,
4,"Binary Search [1D, 2D Arrays, Search Space]",3,BS on 2D Arrays,65,Find Peak Element - II,Medium,https://youtu.be/nGGp5XBzC4g?si=WCop5C6Azj5gAELH,https://leetcode.com/problems/find-a-peak-element-ii/,https://takeuforward.org/data-structure/find-peak-element-2d-matrix,https://takeuforward.org/plus/dsa/problems/find-peak-element-ii,https://takeuforward.org/plus/dsa/problems/find-peak-element-ii?tab=editorial,
4,"Binary Search [1D, 2D Arrays, Search Space]",3,BS on 2D Arrays,67,Matrix Median,Hard,https://youtu.be/Q9wXgdxJq48?si=ScI_0uzJh7yg8nrX,,https://takeuforward.org/data-structure/median-of-row-wise-sorted-matrix/,https://takeuforward.org/plus/dsa/problems/matrix-median,https://takeuforward.org/plus/dsa/problems/matrix-median?tab=editorial,
5,Strings [Basic and Medium],1,Basic and Easy String Problems,892,Remove Outermost Parentheses,Medium,,https://leetcode.com/problems/remove-outermost-parentheses/,https://takeuforward.org/data-structure/remove-outermost-parentheses,https://takeuforward.org/plus/dsa/problems/remove-outermost-parentheses,,
5,Strings [Basic and Medium],1,Basic and Easy String Problems,2863,Reverse words in a given string / Palindrome Check,Medium,,https://leetcode.com/problems/reverse-words-in-a-string/,https://takeuforward.org/data-structure/reverse-words-in-a-string/,https://takeuforward.org/plus/dsa/problems/reverse-every-word-in-a-string,https://takeuforward.org/plus/dsa/problems/reverse-every-word-in-a-string?tab=editorial,
5,Strings [Basic and Medium],1,Basic and Easy String Problems,394,Largest Odd Number in a String,Easy,,https://leetcode.com/problems/largest-odd-number-in-string/,https://takeuforward.org/data-structure/largest-odd-number-in-a-string,https://takeuforward.org/plus/dsa/problems/largest-odd-number-in-a-string,https://takeuforward.org/plus/dsa/problems/largest-odd-number-in-a-string?tab=editorial,
5,Strings [Basic and Medium],1,Basic and Easy String Problems,395,Longest Common Prefix,Easy,,https://leetcode.com/problems/longest-common-prefix/,https://takeuforward.org/data-structure/longest-common-prefix,https://takeuforward.org/plus/dsa/problems/longest-common-prefix,https://takeuforward.org/plus/dsa/problems/longest-happy-prefix?tab=editorialhttps://takeuforward.org/plus/dsa/problems/longest-common-prefix?tab=editorial,
5,Strings [Basic and Medium],1,Basic and Easy String Problems,393,Isomorphic String,Easy,,https://leetcode.com/problems/isomorphic-strings/,https://takeuforward.org/data-structure/isomorphic-string,https://takeuforward.org/plus/dsa/problems/isomorphic-string,https://takeuforward.org/plus/dsa/problems/isomorphic-string?tab=editorial,
5,Strings [Basic and Medium],1,Basic and Easy String Problems,398,Rotate String,Easy,,https://leetcode.com/problems/rotate-string/,https://takeuforward.org/data-structure/check-if-one-string-is-rotation-of-another,https://takeuforward.org/plus/dsa/problems/rotate-string,https://takeuforward.org/plus/dsa/problems/rotate-string?tab=editorial,
5,Strings [Basic and Medium],1,Basic and Easy String Problems,2809,Check if two strings are anagram of each other,Easy,,"https://leetcode.com/problems/valid-anagram/#:~:text=Given%20two%20strings%20s%20and,the%20original%20letters%20exactly%20once.&text=Constraints%3A,.length%20%3C%3D%205%20*%2010",https://takeuforward.org/data-structure/check-if-two-strings-are-anagrams-of-each-other/,https://takeuforward.org/plus/dsa/problems/valid-anagram,https://takeuforward.org/plus/dsa/problems/valid-anagram?tab=editorial,
5,Strings [Basic and Medium],2,Medium String Problems,399,Sort Characters by Frequency,Easy,,https://leetcode.com/problems/sort-characters-by-frequency/,https://takeuforward.org/data-structure/sort-characters-by-frequency,https://takeuforward.org/plus/dsa/problems/sort-characters-by-frequency,https://takeuforward.org/plus/dsa/problems/sort-characters-by-frequency?tab=editorial,
5,Strings [Basic and Medium],2,Medium String Problems,674,Maximum Nesting Depth of the Parentheses,Medium,,https://leetcode.com/problems/maximum-nesting-depth-of-the-parentheses/,https://takeuforward.org/data-structure/maximum-nesting-depth-of-parenthesis,https://takeuforward.org/plus/dsa/problems/maximum-nesting-depth-of-the-parentheses,,
5,Strings [Basic and Medium],2,Medium String Problems,903,Roman to Integer,Medium,,https://leetcode.com/problems/roman-to-integer/,https://takeuforward.org/data-structure/roman-numerals-to-integer,https://takeuforward.org/plus/dsa/problems/roman-to-integer,,
5,Strings [Basic and Medium],2,Medium String Problems,974,String to Integer (atoi),Medium,,https://leetcode.com/problems/string-to-integer-atoi/,https://takeuforward.org/data-structure/recursive-implementation-of-atoi,https://takeuforward.org/plus/dsa/problems/string-to-integer-atoi,https://takeuforward.org/plus/dsa/problems/string-to-integer-atoi?tab=editorial,
5,Strings [Basic and Medium],2,Medium String Problems,2394,Count Number of Substrings,Easy,,,https://takeuforward.org/data-structure/count-number-of-substrings,,,
5,Strings [Basic and Medium],2,Medium String Problems,638,Longest Palindromic Substring,Medium,,https://leetcode.com/problems/longest-palindromic-substring/,,https://takeuforward.org/plus/dsa/problems/longest-palindromic-substring,https://takeuforward.org/plus/dsa/problems/longest-palindromic-substring?tab=editorial,
5,Strings [Basic and Medium],2,Medium String Problems,993,Sum of Beauty of All Substrings,Medium,,https://leetcode.com/problems/sum-of-beauty-of-all-substrings/,https://takeuforward.org/data-structure/sum-of-beauty-of-all-substring,https://takeuforward.org/plus/dsa/problems/sum-of-beauty-of-all-substrings,,
5,Strings [Basic and Medium],2,Medium String Problems,984,Reverse every word in a string,Medium,,https://leetcode.com/problems/reverse-words-in-a-string/,https://takeuforward.org/data-structure/reverse-words-in-a-string/,https://takeuforward.org/plus/dsa/problems/reverse-every-word-in-a-string,https://takeuforward.org/plus/dsa/problems/reverse-every-word-in-a-string?tab=editorial,
6,"Learn LinkedList [Single LL, Double LL, Medium, Hard Problems]",1,Learn 1D LinkedList,1237,Introduction to Singly LinkedList,Easy,https://youtu.be/Nq7ok-OyEpg?si=9PR1o8OPRWil7fRA,,https://takeuforward.org/linked-list/linked-list-introduction,https://takeuforward.org/plus/dsa/problems/introduction-to-singly-linkedlist,https://takeuforward.org/plus/dsa/problems/introduction-to-singly-linkedlist,
6,"Learn LinkedList [Single LL, Double LL, Medium, Hard Problems]",1,Learn 1D LinkedList,356,Insertion at the head of Linked List,Easy,https://youtu.be/VaECK03Dz-g?si=vHSwdf9jhE05adKM&t=1934,,https://takeuforward.org/linked-list/insert-at-the-head-of-a-linked-list,https://takeuforward.org/plus/dsa/problems/insertion-at-the-head-of-ll,https://takeuforward.org/plus/dsa/problems/insertion-at-the-head-of-ll?tab=editorial,
6,"Learn LinkedList [Single LL, Double LL, Medium, Hard Problems]",1,Learn 1D LinkedList,352,Deletion of the head of LL,Easy,https://youtu.be/VaECK03Dz-g?si=CRaBHbOo2bHFbOT5,https://leetcode.com/problems/delete-node-in-a-linked-list/,https://takeuforward.org/data-structure/delete-last-node-of-linked-list/,https://takeuforward.org/plus/dsa/problems/deletion-of-the-head-of-ll,https://takeuforward.org/plus/dsa/problems/deletion-of-the-head-of-ll?tab=editorial,
6,"Learn LinkedList [Single LL, Double LL, Medium, Hard Problems]",1,Learn 1D LinkedList,470,Find the length of the Linked List,Easy,https://youtu.be/Nq7ok-OyEpg?si=xqQbukLfo2oZ6C6s&t=2240,,https://takeuforward.org/linked-list/find-the-length-of-a-linked-list,https://takeuforward.org/plus/dsa/problems/find-the-length-of-the-linked-list,,
6,"Learn LinkedList [Single LL, Double LL, Medium, Hard Problems]",1,Learn 1D LinkedList,905,Search in Linked List,Medium,https://youtu.be/Nq7ok-OyEpg?si=WNXcIaXZ_B6cNq0s&t=2524,,https://takeuforward.org/linked-list/search-an-element-in-a-linked-list,https://takeuforward.org/plus/dsa/problems/search-in-linked-list,,
6,"Learn LinkedList [Single LL, Double LL, Medium, Hard Problems]",2,Learn Doubly LinkedList,1234,Introduction to Doubly LL,Easy,https://youtu.be/0eKMU10uEDI?si=uDnoj_C5ghEpNLvP,,https://takeuforward.org/linked-list/introduction-to-doubly-linked-list,https://takeuforward.org/plus/dsa/problems/introduction-to-doubly-ll,https://takeuforward.org/plus/dsa/problems/introduction-to-doubly-ll?tab=editorial,
6,"Learn LinkedList [Single LL, Double LL, Medium, Hard Problems]",2,Learn Doubly LinkedList,361,Insert node before head in Doubly Linked List,Easy,https://youtu.be/0eKMU10uEDI?si=J5a0pQTosimcO_aA&t=2684,,https://takeuforward.org/data-structure/insert-at-end-of-doubly-linked-list/,https://takeuforward.org/plus/dsa/problems/insert-node-before-head-in-dll,https://takeuforward.org/plus/dsa/problems/insert-node-before-head-in-dll?tab=editorial,
6,"Learn LinkedList [Single LL, Double LL, Medium, Hard Problems]",2,Learn Doubly LinkedList,348,Delete head of Doubly Linked List,Easy,https://youtu.be/0eKMU10uEDI?si=sE7jqrW46lfRHVLd&t=853,,https://takeuforward.org/data-structure/delete-last-node-of-a-doubly-linked-list/,https://takeuforward.org/plus/dsa/problems/delete-head-of-dll,https://takeuforward.org/plus/dsa/problems/delete-head-of-dll?tab=editorial,
6,"Learn LinkedList [Single LL, Double LL, Medium, Hard Problems]",2,Learn Doubly LinkedList,900,Reverse a Doubly Linked List,Medium,https://youtu.be/u3WUW2qe6ww?si=96Wwlju72IvmzkxE,,https://takeuforward.org/data-structure/reverse-a-doubly-linked-list/,https://takeuforward.org/plus/dsa/problems/reverse-a-doubly-linked-list,,
6,"Learn LinkedList [Single LL, Double LL, Medium, Hard Problems]",3,Medium Problems of LL,2810,Middle of a LinkedList [TortoiseHare Method],easy,https://youtu.be/7LjQ57RqgEc?si=ir_rRDio38rhamU_,https://leetcode.com/problems/middle-of-the-linked-list/,https://takeuforward.org/data-structure/find-middle-element-in-a-linked-list/,https://takeuforward.org/plus/dsa/problems/find-middle-of-linked-list,https://takeuforward.org/plus/dsa/problems/find-middle-of-linked-list?tab=editorial,
6,"Learn LinkedList [Single LL, Double LL, Medium, Hard Problems]",3,Medium Problems of LL,2850,Reverse a LinkedList [Iterative],Medium,https://youtu.be/D2vI2DNJGd8?si=RCaLSx01qR21IBdh,https://leetcode.com/problems/reverse-linked-list/,https://takeuforward.org/data-structure/reverse-a-linked-list/,https://takeuforward.org/plus/dsa/problems/reverse-a-ll,https://takeuforward.org/plus/dsa/problems/reverse-a-ll?tab=editorial,
6,"Learn LinkedList [Single LL, Double LL, Medium, Hard Problems]",3,Medium Problems of LL,627,Reverse a LL,Medium,https://youtu.be/D2vI2DNJGd8?si=RCaLSx01qR21IBdh,https://leetcode.com/problems/reverse-linked-list/,https://takeuforward.org/data-structure/reverse-a-linked-list/,https://takeuforward.org/plus/dsa/problems/reverse-a-ll,https://takeuforward.org/plus/dsa/problems/reverse-a-ll?tab=editorial,
6,"Learn LinkedList [Single LL, Double LL, Medium, Hard Problems]",3,Medium Problems of LL,2845,Detect a loop in LL,Medium,https://youtu.be/wiOo4DC5GGA?si=zagt6O6tFXc4_3cx,https://leetcode.com/problems/linked-list-cycle/,https://takeuforward.org/data-structure/detect-a-cycle-in-a-linked-list/,https://takeuforward.org/plus/dsa/problems/detect-a-loop-in-ll,https://takeuforward.org/plus/dsa/problems/detect-a-loop-in-ll?tab=editorial,
6,"Learn LinkedList [Single LL, Double LL, Medium, Hard Problems]",3,Medium Problems of LL,2847,Find the starting point in LL,Medium,https://youtu.be/2Kd0KKmmHFc?si=7UreDPRjRvapeVB0,https://leetcode.com/problems/linked-list-cycle-ii/,https://takeuforward.org/data-structure/starting-point-of-loop-in-a-linked-list/,https://takeuforward.org/plus/dsa/problems/find-the-starting-point-in-ll,https://takeuforward.org/plus/dsa/problems/find-the-starting-point-in-ll?tab=editorial,
6,"Learn LinkedList [Single LL, Double LL, Medium, Hard Problems]",3,Medium Problems of LL,623,Length of loop in LL,Medium,https://youtu.be/I4g1qbkTPus?si=ONktpqewvx57T8pF,,https://takeuforward.org/linked-list/length-of-loop-in-linked-list,https://takeuforward.org/plus/dsa/problems/length-of-loop-in-ll,https://takeuforward.org/plus/dsa/problems/length-of-loop-in-ll?tab=editorial,
6,"Learn LinkedList [Single LL, Double LL, Medium, Hard Problems]",3,Medium Problems of LL,2844,Check if LL is palindrome or not,Medium,https://youtu.be/lRY_G-u_8jk?si=BpM8hRYvXSYyjl-G,https://leetcode.com/problems/palindrome-linked-list/,https://takeuforward.org/data-structure/check-if-given-linked-list-is-plaindrome/,https://takeuforward.org/plus/dsa/problems/check-if-ll-is-palindrome-or-not,https://takeuforward.org/plus/dsa/problems/check-if-ll-is-palindrome-or-not?tab=editorial,
6,"Learn LinkedList [Single LL, Double LL, Medium, Hard Problems]",3,Medium Problems of LL,628,Segregate odd and even nodes in Linked List,Medium,https://youtu.be/qf6qp7GzD5Q?si=JozAyXUdT8EJMSCQ,https://leetcode.com/problems/odd-even-linked-list/,https://takeuforward.org/data-structure/segregate-even-and-odd-nodes-in-linkedlist,https://takeuforward.org/plus/dsa/problems/segregate-odd-and-even-nodes-in-ll,https://takeuforward.org/plus/dsa/problems/segregate-odd-and-even-nodes-in-ll?tab=editorial,
6,"Learn LinkedList [Single LL, Double LL, Medium, Hard Problems]",3,Medium Problems of LL,2849,Remove Nth node from the back of the LL,Medium,https://youtu.be/3kMKYQ2wNIU?si=DtFDnPU7z9HMz_GM,https://leetcode.com/problems/remove-nth-node-from-end-of-list/,https://takeuforward.org/data-structure/remove-n-th-node-from-the-end-of-a-linked-list/,https://takeuforward.org/plus/dsa/problems/remove-nth-node-from-the-back-of-the-ll,https://takeuforward.org/plus/dsa/problems/remove-nth-node-from-the-back-of-the-ll?tab=editorial,
6,"Learn LinkedList [Single LL, Double LL, Medium, Hard Problems]",3,Medium Problems of LL,619,Delete the middle node in LL,Medium,https://youtu.be/ePpV-_pfOeI?si=Au9GsZkVO57j6SiN,"https://leetcode.com/problems/delete-the-middle-node-of-a-linked-list/#:~:text=You%20are%20given%20the%20head,than%20or%20equal%20to%20x%20.",https://takeuforward.org/linked-list/delete-the-middle-node-of-the-linked-list,https://takeuforward.org/plus/dsa/problems/delete-the-middle-node-in-ll,https://takeuforward.org/plus/dsa/problems/delete-the-middle-node-in-ll?tab=editorial,
6,"Learn LinkedList [Single LL, Double LL, Medium, Hard Problems]",3,Medium Problems of LL,616,Sort LL,Hard,https://youtu.be/8ocB7a_c-Cc?si=Gv-Y8q8-WyARoV35,https://leetcode.com/problems/sort-list/,https://takeuforward.org/linked-list/sort-a-linked-list,https://takeuforward.org/plus/dsa/problems/sort-ll,https://takeuforward.org/plus/dsa/problems/sort-ll?tab=editorial,
6,"Learn LinkedList [Single LL, Double LL, Medium, Hard Problems]",3,Medium Problems of LL,629,Sort a Linked List of 0's 1's and 2's,Medium,https://youtu.be/gRII7LhdJWc?si=l3qRC7w3NhY7OAqw,,https://takeuforward.org/data-structure/sort-a-linked-list-of-0s-1s-and-2s-by-changing-links,https://takeuforward.org/plus/dsa/problems/sort-a-ll-of-0's-1's-and-2's,https://takeuforward.org/plus/dsa/problems/sort-a-ll-of-0's-1's-and-2's?tab=editorial,
6,"Learn LinkedList [Single LL, Double LL, Medium, Hard Problems]",3,Medium Problems of LL,2846,Find the intersection point of Y LL,Medium,https://youtu.be/0DYoPz2Tpt4?si=L-uJs5yXUxj4VJM2,https://leetcode.com/problems/intersection-of-two-linked-lists/,https://takeuforward.org/data-structure/find-intersection-of-two-linked-lists/,https://takeuforward.org/plus/dsa/problems/find-the-intersection-point-of-y-ll,https://takeuforward.org/plus/dsa/problems/find-the-intersection-point-of-y-ll?tab=editorial,
6,"Learn LinkedList [Single LL, Double LL, Medium, Hard Problems]",3,Medium Problems of LL,617,Add one to a number represented by LL,Medium,https://youtu.be/aXQWhbvT3w0?si=uRgU9S4r5cVmnUy7,,https://takeuforward.org/data-structure/add-1-to-a-number-represented-by-ll,https://takeuforward.org/plus/dsa/problems/add-one-to-a-number-represented-by-ll,https://takeuforward.org/plus/dsa/problems/add-one-to-a-number-represented-by-ll?tab=editorial,
6,"Learn LinkedList [Single LL, Double LL, Medium, Hard Problems]",3,Medium Problems of LL,625,Add two numbers in Linked List,Medium,https://www.youtube.com/watch?v=LBVsXSMOIk4&list=PLgUwDviBIf0p4ozDR_kJJkONnb1wdx2Ma&index=32,https://leetcode.com/problems/add-two-numbers/,https://takeuforward.org/data-structure/add-two-numbers-represented-as-linked-lists/,https://takeuforward.org/plus/dsa/problems/add-two-numbers-in-ll,https://takeuforward.org/plus/dsa/problems/add-two-numbers-in-ll?tab=editorial,
6,"Learn LinkedList [Single LL, Double LL, Medium, Hard Problems]",4,Medium Problems of DLL,609,Delete all occurrences of a key in DLL,Hard,https://youtu.be/Mh0NH_SD92k?si=tCYshBRi1upMqSVz,,https://takeuforward.org/data-structure/delete-all-occurrences-of-a-key-in-dll,https://takeuforward.org/plus/dsa/problems/delete-all-occurrences-of-a-key-in-dll,https://takeuforward.org/plus/dsa/problems/delete-all-occurrences-of-a-key-in-dll?tab=editorial,
6,"Learn LinkedList [Single LL, Double LL, Medium, Hard Problems]",4,Medium Problems of DLL,452,Find Pairs with Given Sum in Doubly Linked List,Medium,https://youtu.be/YitR4dQsddE?si=iZAC259hdngV_OxC,,https://takeuforward.org/data-structure/find-pairs-with-given-sum-in-doubly-linked-list,https://takeuforward.org/plus/dsa/problems/find-pairs-with-given-sum-in-doubly-linked-list,,
6,"Learn LinkedList [Single LL, Double LL, Medium, Hard Problems]",4,Medium Problems of DLL,610,Remove duplicates from sorted DLL,hard,https://youtu.be/YJKVTnOJXSY?si=AsZoNUoewetsBjr0,,https://takeuforward.org/data-structure/remove-duplicates-from-sorted-dll,https://takeuforward.org/plus/dsa/problems/remove-duplicated-from-sorted-dll,https://takeuforward.org/plus/dsa/problems/remove-duplicated-from-sorted-dll?tab=editorial,
6,"Learn LinkedList [Single LL, Double LL, Medium, Hard Problems]",5,Hard Problems of LL,2842,Reverse LL in group of given size K,Hard,https://youtu.be/lIar1skcQYI?si=_jFghHKX4eaK36a1,https://leetcode.com/problems/reverse-nodes-in-k-group/,https://takeuforward.org/data-structure/reverse-linked-list-in-groups-of-size-k/,https://takeuforward.org/plus/dsa/problems/reverse-ll-in-group-of-given-size-k,https://takeuforward.org/plus/dsa/problems/reverse-ll-in-group-of-given-size-k?tab=editorial,
6,"Learn LinkedList [Single LL, Double LL, Medium, Hard Problems]",5,Hard Problems of LL,2843,Rotate a LL,Hard,https://youtu.be/uT7YI7XbTY8?si=ZaChW3a68c_v54Is,https://leetcode.com/problems/rotate-list/description/,https://takeuforward.org/data-structure/rotate-a-linked-list/,https://takeuforward.org/plus/dsa/problems/rotate-a-ll,https://takeuforward.org/plus/dsa/problems/rotate-a-ll?tab=editorial,
6,"Learn LinkedList [Single LL, Double LL, Medium, Hard Problems]",5,Hard Problems of LL,2841,Flattening of LL,Hard,https://youtu.be/ykelywHJWLg?si=InMg9MmTHzY22NSR,,https://takeuforward.org/data-structure/flattening-a-linked-list/,https://takeuforward.org/plus/dsa/problems/flattening-of-ll,https://takeuforward.org/plus/dsa/problems/flattening-of-ll?tab=editorial,
6,"Learn LinkedList [Single LL, Double LL, Medium, Hard Problems]",5,Hard Problems of LL,611,Clone a LL with random and next pointer,Hard,https://youtu.be/q570bKdrnlw?si=epZtpWvtNwuTf23o,https://leetcode.com/problems/copy-list-with-random-pointer/,https://takeuforward.org/data-structure/clone-linked-list-with-random-and-next-pointer/,https://takeuforward.org/plus/dsa/problems/clone-a-ll-with-random-and-next-pointer,https://takeuforward.org/plus/dsa/problems/clone-a-ll-with-random-and-next-pointer?tab=editorial,
7,Recursion [PatternWise],1,Get a Strong Hold,2862,Recursive Implementation of atoi(),Medium,,https://leetcode.com/problems/string-to-integer-atoi/,https://takeuforward.org/data-structure/recursive-implementation-of-atoi,https://takeuforward.org/plus/dsa/problems/string-to-integer-atoi,https://takeuforward.org/plus/dsa/problems/string-to-integer-atoi?tab=editorial,
7,Recursion [PatternWise],1,Get a Strong Hold,2855,"Pow(x, n)",Easy,https://youtu.be/l0YC3876qxg,https://leetcode.com/problems/powx-n/,https://takeuforward.org/data-structure/implement-powxn-x-raised-to-the-power-n/,"https://takeuforward.org/plus/dsa/problems/pow(x,n)","https://takeuforward.org/plus/dsa/problems/pow(x,n)?tab=editorial",
7,Recursion [PatternWise],1,Get a Strong Hold,222,Count Good Numbers,Medium,,https://leetcode.com/problems/count-good-numbers/,https://takeuforward.org/data-structure/count-good-numbers,https://takeuforward.org/plus/dsa/problems/count-good-numbers,,
7,Recursion [PatternWise],1,Get a Strong Hold,2858,Sort a stack using recursion,Medium,,,https://takeuforward.org/data-structure/sort-a-stack,https://takeuforward.org/plus/dsa/problems/sort-a-stack,,
7,Recursion [PatternWise],1,Get a Strong Hold,901,Reverse a Stack,Medium,,,https://takeuforward.org/data-structure/reverse-a-stack-using-recursion,https://takeuforward.org/plus/dsa/problems/reverse-a-stack,,
7,Recursion [PatternWise],2,Subsequences Pattern,493,Generate Binary Strings Without Consecutive 1s,Medium,,,https://takeuforward.org/data-structure/generate-all-binary-strings,https://takeuforward.org/plus/dsa/problems/generate-binary-strings-without-consecutive-1s,,
7,Recursion [PatternWise],2,Subsequences Pattern,876,Generate Parentheses,Medium,,https://leetcode.com/problems/generate-parentheses/,https://takeuforward.org/data-structure/generate-parenthesis,https://takeuforward.org/plus/dsa/problems/generate-parentheses,https://takeuforward.org/plus/dsa/problems/generate-parentheses?tab=editorial,
7,Recursion [PatternWise],2,Subsequences Pattern,878,Power Set,Medium,https://www.youtube.com/watch?v=b7AYbpM5YrE&list=PLgUwDviBIf0p4ozDR_kJJkONnb1wdx2Ma&index=67,,https://takeuforward.org/data-structure/power-set-print-all-the-possible-subsequences-of-the-string/,https://takeuforward.org/plus/dsa/problems/power-set,https://takeuforward.org/plus/dsa/problems/power-set?tab=editorial,
7,Recursion [PatternWise],2,Subsequences Pattern,2400,Learn All Patterns of Subsequences (Theory),Easy,https://www.youtube.com/watch?v=eQCS_v3bw0Q&list=PLgUwDviBIf0rGlzIn_7rsaR2FQ5e6ZOL9&index=7,,https://takeuforward.org/data-structure/learn-all-patterns-of-subsequences-theory,,,
7,Recursion [PatternWise],2,Subsequences Pattern,880,Count all subsequences with sum K,Easy,,,https://takeuforward.org/data-structure/count-all-subsequences-with-sum-k,https://takeuforward.org/plus/dsa/problems/count-all-subsequences-with-sum-k,https://takeuforward.org/plus/dsa/problems/count-all-subsequences-with-sum-k?tab=editorial,
7,Recursion [PatternWise],2,Subsequences Pattern,879,Check if there exists a subsequence with sum K,Easy,,,https://takeuforward.org/data-structure/check-if-there-exists-a-subsequence-with-sum-k,https://takeuforward.org/plus/dsa/problems/check-if-there-exists-a-subsequence-with-sum-k,https://takeuforward.org/plus/dsa/problems/check-if-there-exists-a-subsequence-with-sum-k?tab=editorial,
7,Recursion [PatternWise],2,Subsequences Pattern,864,Combination Sum,Medium,https://www.youtube.com/watch?v=OyZFFqQtu98&list=PLgUwDviBIf0p4ozDR_kJJkONnb1wdx2Ma&index=49,https://leetcode.com/problems/combination-sum/,https://takeuforward.org/data-structure/combination-sum-1/,https://takeuforward.org/plus/dsa/problems/combination-sum,https://takeuforward.org/plus/dsa/problems/combination-sum?tab=editorial,
7,Recursion [PatternWise],2,Subsequences Pattern,865,Combination Sum II,Medium,https://www.youtube.com/watch?v=G1fRTGRxXU8&list=PLgUwDviBIf0p4ozDR_kJJkONnb1wdx2Ma&index=50,https://leetcode.com/problems/combination-sum-ii/,https://takeuforward.org/data-structure/combination-sum-ii-find-all-unique-combinations/,https://takeuforward.org/plus/dsa/problems/combination-sum-ii,https://takeuforward.org/plus/dsa/problems/combination-sum-ii?tab=editorial,
7,Recursion [PatternWise],2,Subsequences Pattern,867,Subsets I,Medium,https://www.youtube.com/watch?v=rYkfBRtMJr8&list=PLgUwDviBIf0p4ozDR_kJJkONnb1wdx2Ma&index=52,,https://takeuforward.org/data-structure/subset-sum-sum-of-all-subsets/,https://takeuforward.org/plus/dsa/problems/subsets-i,https://takeuforward.org/plus/dsa/problems/subsets-i?tab=editorial,
7,Recursion [PatternWise],2,Subsequences Pattern,868,Subsets II,Medium,https://www.youtube.com/watch?v=RIn3gOkbhQE&list=PLgUwDviBIf0p4ozDR_kJJkONnb1wdx2Ma&index=53,https://leetcode.com/problems/subsets-ii/,https://takeuforward.org/data-structure/subset-ii-print-all-the-unique-subsets/,https://takeuforward.org/plus/dsa/problems/subsets-ii,https://takeuforward.org/plus/dsa/problems/subsets-ii?tab=editorial,
7,Recursion [PatternWise],2,Subsequences Pattern,866,Combination Sum III,Medium,,https://leetcode.com/problems/combination-sum-iii/,https://takeuforward.org/data-structure/combination-sum-iii,https://takeuforward.org/plus/dsa/problems/combination-sum-iii,https://takeuforward.org/plus/dsa/problems/combination-sum-iii?tab=editorial,
7,Recursion [PatternWise],2,Subsequences Pattern,875,Letter Combinations of a Phone Number,Hard,,https://leetcode.com/problems/letter-combinations-of-a-phone-number/,https://takeuforward.org/data-structure/letter-combinations-of-a-phone-number,https://takeuforward.org/plus/dsa/problems/letter-combinations-of-a-phone-number,https://takeuforward.org/plus/dsa/problems/letter-combinations-of-a-phone-number?tab=editorial,
7,Recursion [PatternWise],3,Trying out all Combos / Hard,871,Palindrome partitioning,Hard,https://youtu.be/_H8V5hJUGd0,,,https://takeuforward.org/plus/dsa/problems/palindrome-partitioning,https://takeuforward.org/plus/dsa/problems/palindrome-partitioning?tab=editorial,
7,Recursion [PatternWise],3,Trying out all Combos / Hard,874,Word Search,Hard,,https://leetcode.com/problems/word-search/,https://takeuforward.org/data-structure/word-search-leetcode/,https://takeuforward.org/plus/dsa/problems/word-search,https://takeuforward.org/plus/dsa/problems/word-search?tab=editorial,
7,Recursion [PatternWise],3,Trying out all Combos / Hard,870,N Queen,Hard,https://www.youtube.com/watch?v=i05Ju7AftcM&list=PLgUwDviBIf0p4ozDR_kJJkONnb1wdx2Ma&index=57,https://leetcode.com/problems/n-queens/,https://takeuforward.org/data-structure/n-queen-problem-return-all-distinct-solutions-to-the-n-queens-puzzle/,https://takeuforward.org/plus/dsa/problems/n-queen,https://takeuforward.org/plus/dsa/problems/n-queen?tab=editorial,
7,Recursion [PatternWise],3,Trying out all Combos / Hard,872,Rat in a Maze,Hard,https://www.youtube.com/watch?v=bLGZhJlt4y0&list=PLgUwDviBIf0p4ozDR_kJJkONnb1wdx2Ma&index=60,,https://takeuforward.org/data-structure/rat-in-a-maze/,https://takeuforward.org/plus/dsa/problems/rat-in-a-maze,https://takeuforward.org/plus/dsa/problems/rat-in-a-maze?tab=editorial,
7,Recursion [PatternWise],3,Trying out all Combos / Hard,4,Word Break,Medium,,,,https://takeuforward.org/plus/dsa/problems/word-break,https://takeuforward.org/plus/dsa/problems/word-break?tab=editorial,
7,Recursion [PatternWise],3,Trying out all Combos / Hard,869,M Coloring Problem,Hard,https://www.youtube.com/watch?v=wuVwUK25Rfc&list=PLgUwDviBIf0p4ozDR_kJJkONnb1wdx2Ma&index=59,,https://takeuforward.org/data-structure/m-coloring-problem/,https://takeuforward.org/plus/dsa/problems/m-coloring-problem,https://takeuforward.org/plus/dsa/problems/m-coloring-problem?tab=editorial,
7,Recursion [PatternWise],3,Trying out all Combos / Hard,873,Sudoku Solver,Hard,https://www.youtube.com/watch?v=FWAIf_EVUKE&list=PLgUwDviBIf0p4ozDR_kJJkONnb1wdx2Ma&index=58,https://leetcode.com/problems/sudoku-solver/,https://takeuforward.org/data-structure/sudoku-solver/,https://takeuforward.org/plus/dsa/problems/sudoko-solver,https://takeuforward.org/plus/dsa/problems/sudoko-solver?tab=editorial,
7,Recursion [PatternWise],3,Trying out all Combos / Hard,3,Expression Add Operators,Hard,,https://leetcode.com/problems/expression-add-operators/,https://takeuforward.org/data-structure/expression-add-operators,https://takeuforward.org/plus/dsa/problems/expression-add-operators,,
8,Bit Manipulation [Concepts & Problems],1,Learn Bit Manipulation,1155,Introduction to Bits and Tricks,Easy,https://youtu.be/qQd-ViW7bfk?si=QtdNaRhHmZb08Mr8,,https://takeuforward.org/data-structure/introduction-to-bit-manipulation-theory,https://takeuforward.org/plus/dsa/problems/introduction-to-bits-and-tricks,https://takeuforward.org/plus/dsa/problems/introduction-to-bits-and-tricks?tab=editorial,
8,Bit Manipulation [Concepts & Problems],1,Learn Bit Manipulation,177,Check if the i-th bit is Set or Not,Easy,https://youtu.be/nttpF8kwgd4?si=x9o8PsYaA2XVZ9rV,,https://takeuforward.org/data-structure/check-if-the-i-th-bit-is-set-or-not,https://takeuforward.org/plus/dsa/problems/check-if-the-i-th-bit-is-set-or-not,https://takeuforward.org/plus/dsa/problems/check-if-the-i-th-bit-is-set-or-not?tab=editorial,
8,Bit Manipulation [Concepts & Problems],1,Learn Bit Manipulation,171,Check if a Number is Odd or Not,Easy,https://youtu.be/nttpF8kwgd4?si=x9o8PsYaA2XVZ9rV,,https://takeuforward.org/data-structure/check-if-a-number-is-odd-or-not,https://takeuforward.org/plus/dsa/problems/check-if-a-number-is-odd-or-not,https://takeuforward.org/plus/dsa/problems/check-if-a-number-is-odd-or-not?tab=editorial,
8,Bit Manipulation [Concepts & Problems],1,Learn Bit Manipulation,172,Check if a Number is Power of 2 or Not,Easy,https://youtu.be/nttpF8kwgd4?si=x9o8PsYaA2XVZ9rV,https://leetcode.com/problems/power-of-two/,https://takeuforward.org/data-structure/check-if-a-number-is-power-of-2-or-not,https://takeuforward.org/plus/dsa/problems/check-if-a-number-is-power-of-2-or-not,https://takeuforward.org/plus/dsa/problems/check-if-a-number-is-power-of-2-or-not?tab=editorial,
8,Bit Manipulation [Concepts & Problems],1,Learn Bit Manipulation,243,Count the Number of Set Bits,Easy,https://youtu.be/nttpF8kwgd4?si=x9o8PsYaA2XVZ9rV,,https://takeuforward.org/data-structure/count-the-number-of-set-bits,https://takeuforward.org/plus/dsa/problems/count-the-number-of-set-bits,https://takeuforward.org/plus/dsa/problems/count-the-number-of-set-bits?tab=editorial,
8,Bit Manipulation [Concepts & Problems],1,Learn Bit Manipulation,2410,Set/Unset the rightmost unset bit,Easy,https://youtu.be/nttpF8kwgd4?si=x9o8PsYaA2XVZ9rV,,https://takeuforward.org/data-structure/set-the-rightmost-bit,,,
8,Bit Manipulation [Concepts & Problems],1,Learn Bit Manipulation,1005,Swap Two Numbers,Easy,https://youtu.be/nttpF8kwgd4?si=x9o8PsYaA2XVZ9rV,,https://takeuforward.org/data-structure/swap-two-numbers,https://takeuforward.org/plus/dsa/problems/swap-two-numbers,,
8,Bit Manipulation [Concepts & Problems],1,Learn Bit Manipulation,140,Divide two numbers without multiplication and division,Medium,https://youtu.be/pBD4B1tzgVc?si=G9c5pEE-RrzeU6sz,https://leetcode.com/problems/divide-two-integers/,https://takeuforward.org/data-structure/divide-two-integers-without-using-multiplication-division-and-mod-operator,https://takeuforward.org/plus/dsa/problems/divide-two-numbers-without-multiplication-and-division,https://takeuforward.org/plus/dsa/problems/divide-two-numbers-without-multiplication-and-division?tab=editorial,
8,Bit Manipulation [Concepts & Problems],2,Interview Problems,141,Minimum Bit Flips to Convert Number,Medium,https://youtu.be/OOdrmcfZXd8?si=rnkRVz1UiVBKWC69,https://leetcode.com/problems/minimum-bit-flips-to-convert-number/,https://takeuforward.org/data-structure/count-number-of-bits-to-be-flipped-to-convert-a-to-b,https://takeuforward.org/plus/dsa/problems/minimum-bit-flips-to-convert-number,https://takeuforward.org/plus/dsa/problems/minimum-bit-flips-to-convert-number?tab=editorial,
8,Bit Manipulation [Concepts & Problems],2,Interview Problems,143,Single Number - I,Medium,https://youtu.be/bYWLJb3vCWY?t=1369,https://leetcode.com/problems/single-number/,https://takeuforward.org/arrays/find-the-number-that-appears-once-and-the-other-numbers-twice/,https://takeuforward.org/plus/dsa/problems/single-number---i,https://takeuforward.org/plus/dsa/problems/single-number---i?tab=editorial,
8,Bit Manipulation [Concepts & Problems],2,Interview Problems,142,Power Set Bit Manipulation,Medium,https://youtu.be/LqKaUv1G3_I?si=UXU_T5OsHiokPRvP,https://leetcode.com/problems/subsets/,https://takeuforward.org/bit-manipulation/power-set-bit-manipulation,https://takeuforward.org/plus/dsa/problems/power-set-bit-manipulation,https://takeuforward.org/plus/dsa/problems/power-set-bit-manipulation?tab=editorial,
8,Bit Manipulation [Concepts & Problems],2,Interview Problems,146,XOR of numbers in a given range,Medium,https://youtu.be/WqGb7159h7Q?si=uGUEbNUUaIN_6Vvr,,https://takeuforward.org/data-structure/find-xor-of-numbers-from-l-to-r,https://takeuforward.org/plus/dsa/problems/xor-of-numbers-in-a-given-range,https://takeuforward.org/plus/dsa/problems/xor-of-numbers-in-a-given-range?tab=editorial,
8,Bit Manipulation [Concepts & Problems],2,Interview Problems,145,Single Number - III,Medium,https://youtu.be/UA5JnV1J2sI?si=VFBRJyb3boZvx_r1,,https://takeuforward.org/data-structure/find-the-two-numbers-appearing-odd-number-of-times,https://takeuforward.org/plus/dsa/problems/single-number---iii,https://takeuforward.org/plus/dsa/problems/single-number---iii?tab=editorial,
8,Bit Manipulation [Concepts & Problems],3,Advanced Maths,2853,Print Prime Factors of a Number,Hard,https://youtu.be/LT7XhVdeRyg?si=6HkjQokJRPTFai21,,https://takeuforward.org/data-structure/find-the-two-numbers-appearing-odd-number-of-times,https://takeuforward.org/plus/dsa/problems/prime-factorisation-of-a-number,https://takeuforward.org/plus/dsa/problems/prime-factorisation-of-a-number?tab=editorial,
8,Bit Manipulation [Concepts & Problems],3,Advanced Maths,370,Divisors of a Number,Easy,https://youtu.be/1xNbjMdbjug?t=1580,,https://takeuforward.org/data-structure/print-all-divisors-of-a-given-number/,https://takeuforward.org/plus/dsa/problems/divisors-of-a-number,https://takeuforward.org/plus/dsa/problems/divisors-of-a-number?tab=editorial,
8,Bit Manipulation [Concepts & Problems],3,Advanced Maths,651,Count primes in range L to R,Hard,https://youtu.be/g5Fuxn_AvSk?si=fv6Q-Po7wrMW0a5n,https://leetcode.com/problems/count-primes/,https://takeuforward.org/data-structure/sieve-of-eratosthenes,https://takeuforward.org/plus/dsa/problems/count-primes-in-range-l-to-r,https://takeuforward.org/plus/dsa/problems/count-primes-in-range-l-to-r?tab=editorial,
8,Bit Manipulation [Concepts & Problems],3,Advanced Maths,652,Prime factorisation of a Number,Hard,https://youtu.be/LT7XhVdeRyg?si=6HkjQokJRPTFai21,,https://takeuforward.org/data-structure/find-the-two-numbers-appearing-odd-number-of-times,https://takeuforward.org/plus/dsa/problems/prime-factorisation-of-a-number,https://takeuforward.org/plus/dsa/problems/prime-factorisation-of-a-number?tab=editorial,
8,Bit Manipulation [Concepts & Problems],3,Advanced Maths,877,"Pow(x,n)",Medium,https://youtu.be/l0YC3876qxg,https://leetcode.com/problems/powx-n/,https://takeuforward.org/data-structure/implement-powxn-x-raised-to-the-power-n/,"https://takeuforward.org/plus/dsa/problems/pow(x,n)","https://takeuforward.org/plus/dsa/problems/pow(x,n)?tab=editorial",
9,"Stack and Queues [Learning, Pre-In-Post-fix, Monotonic Stack, Implementation]",1,Learning,390,Implement Stack using Arrays,Easy,https://youtu.be/tqQ5fTamIN4?si=ofLt8Zt1ZvhikZ6w,,https://takeuforward.org/data-structure/implement-stack-using-array/,https://takeuforward.org/plus/dsa/problems/implement-stack-using-arrays,https://takeuforward.org/plus/dsa/problems/implement-stack-using-arrays?tab=editorial,
9,"Stack and Queues [Learning, Pre-In-Post-fix, Monotonic Stack, Implementation]",1,Learning,387,Implement Queue using Arrays,Easy,https://youtu.be/tqQ5fTamIN4?si=ofLt8Zt1ZvhikZ6w,,https://takeuforward.org/data-structure/implement-queue-using-array/,https://takeuforward.org/plus/dsa/problems/implement-queue-using-arrays,https://takeuforward.org/plus/dsa/problems/implement-queue-using-arrays?tab=editorial,
9,"Stack and Queues [Learning, Pre-In-Post-fix, Monotonic Stack, Implementation]",1,Learning,392,Implement Stack using Queue,Easy,https://youtu.be/tqQ5fTamIN4?si=ofLt8Zt1ZvhikZ6w,https://leetcode.com/problems/implement-stack-using-queues/,https://takeuforward.org/data-structure/implement-stack-using-single-queue,https://takeuforward.org/plus/dsa/problems/implement-stack-using-queue,https://takeuforward.org/plus/dsa/problems/implement-stack-using-queue?tab=editorial,
9,"Stack and Queues [Learning, Pre-In-Post-fix, Monotonic Stack, Implementation]",1,Learning,389,Implement Queue using Stack,Easy,https://youtu.be/tqQ5fTamIN4?si=ofLt8Zt1ZvhikZ6w,https://leetcode.com/problems/implement-queue-using-stacks/,https://takeuforward.org/data-structure/implement-queue-using-stack/,https://takeuforward.org/plus/dsa/problems/implement-queue-using-stack,https://takeuforward.org/plus/dsa/problems/implement-queue-using-stack?tab=editorial,
9,"Stack and Queues [Learning, Pre-In-Post-fix, Monotonic Stack, Implementation]",1,Learning,391,Implement stack using Linkedlist,Easy,https://youtu.be/tqQ5fTamIN4?si=ofLt8Zt1ZvhikZ6w,,https://takeuforward.org/data-structure/implement-stack-using-linked-list/,https://takeuforward.org/plus/dsa/problems/implement-stack-using-linkedlist,https://takeuforward.org/plus/dsa/problems/implement-stack-using-linkedlist?tab=editorial,
9,"Stack and Queues [Learning, Pre-In-Post-fix, Monotonic Stack, Implementation]",1,Learning,388,Implement queue using Linkedlist,Easy,https://youtu.be/tqQ5fTamIN4?si=ofLt8Zt1ZvhikZ6w,,https://takeuforward.org/data-structure/implement-queue-using-linked-list/,https://takeuforward.org/plus/dsa/problems/implement-queue-using-linkedlist,https://takeuforward.org/plus/dsa/problems/implement-queue-using-linkedlist?tab=editorial,
9,"Stack and Queues [Learning, Pre-In-Post-fix, Monotonic Stack, Implementation]",1,Learning,966,Balanced Paranthesis,Easy,https://youtu.be/xwjS0iZhw4I?si=UoyKpFn4Q3nf5h2R,https://leetcode.com/problems/valid-parentheses/,https://takeuforward.org/data-structure/check-for-balanced-parentheses/,https://takeuforward.org/plus/dsa/problems/balanced-paranthesis,https://takeuforward.org/plus/dsa/problems/balanced-paranthesis?tab=editorial,
9,"Stack and Queues [Learning, Pre-In-Post-fix, Monotonic Stack, Implementation]",1,Learning,958,Implement Min Stack,Hard,https://youtu.be/NdDIaH91P0g?si=4_Jbsq5trFvfSdUY,https://leetcode.com/problems/min-stack/,https://takeuforward.org/data-structure/implement-min-stack-o2n-and-on-space-complexity/,https://takeuforward.org/plus/dsa/problems/implement-min-stack,https://takeuforward.org/plus/dsa/problems/implement-min-stack?tab=editorial,
9,"Stack and Queues [Learning, Pre-In-Post-fix, Monotonic Stack, Implementation]",2,"Prefix, Infix, PostFix Conversion Problems",586,Infix to Postfix Conversion,Medium,https://youtu.be/4pIc9UBHJtk?si=ryeVvQWpCgwbTQrh,,https://takeuforward.org/data-structure/infix-to-postfix/,https://takeuforward.org/plus/dsa/problems/infix-to-postfix-conversion,,
9,"Stack and Queues [Learning, Pre-In-Post-fix, Monotonic Stack, Implementation]",2,"Prefix, Infix, PostFix Conversion Problems",848,Prefix to Infix Conversion,Medium,https://youtu.be/4pIc9UBHJtk?si=ryeVvQWpCgwbTQrh,,https://takeuforward.org/data-structure/prefix-to-infix-conversion,https://takeuforward.org/plus/dsa/problems/prefix-to-infix-conversion,,
9,"Stack and Queues [Learning, Pre-In-Post-fix, Monotonic Stack, Implementation]",2,"Prefix, Infix, PostFix Conversion Problems",849,Prefix to Postfix Conversion,Medium,https://youtu.be/4pIc9UBHJtk?si=0pWtyDC1GhbiYP3P,,https://takeuforward.org/data-structure/prefix-to-postfix-conversion,https://takeuforward.org/plus/dsa/problems/prefix-to-postfix-conversion,,
9,"Stack and Queues [Learning, Pre-In-Post-fix, Monotonic Stack, Implementation]",2,"Prefix, Infix, PostFix Conversion Problems",825,Postfix to Prefix Conversion,Medium,https://youtu.be/4pIc9UBHJtk?si=0pWtyDC1GhbiYP3P,,https://takeuforward.org/data-structure/postfix-to-prefix-conversion,https://takeuforward.org/plus/dsa/problems/postfix-to-prefix-conversion,,
9,"Stack and Queues [Learning, Pre-In-Post-fix, Monotonic Stack, Implementation]",2,"Prefix, Infix, PostFix Conversion Problems",824,Postfix to Infix Conversion,Easy,https://youtu.be/4pIc9UBHJtk?si=0pWtyDC1GhbiYP3P,,https://takeuforward.org/data-structure/postfix-to-infix,https://takeuforward.org/plus/dsa/problems/postfix-to-infix-conversion,,
9,"Stack and Queues [Learning, Pre-In-Post-fix, Monotonic Stack, Implementation]",2,"Prefix, Infix, PostFix Conversion Problems",587,Infix to Prefix Conversion,Medium,https://youtu.be/4pIc9UBHJtk?si=0pWtyDC1GhbiYP3P,,https://takeuforward.org/data-structure/infix-to-prefix/,https://takeuforward.org/plus/dsa/problems/infix-to-prefix-conversion,,
9,"Stack and Queues [Learning, Pre-In-Post-fix, Monotonic Stack, Implementation]",3,Monotonic Stack/Queue Problems [VVV. Imp],968,Next Greater Element,Medium,https://youtu.be/e7XQLtOQM3I?si=QdcHpTtx6gAHsext,https://leetcode.com/problems/next-greater-element-i/,https://takeuforward.org/data-structure/next-greater-element-using-stack/,https://takeuforward.org/plus/dsa/problems/next-greater-element,https://takeuforward.org/plus/dsa/problems/next-greater-element?tab=editorial,
9,"Stack and Queues [Learning, Pre-In-Post-fix, Monotonic Stack, Implementation]",3,Monotonic Stack/Queue Problems [VVV. Imp],969,Next Greater Element - 2,Medium,https://youtu.be/7PrncD7v9YQ?si=UkBc7eVy9HGlBpeW,https://leetcode.com/problems/next-greater-element-ii/,https://takeuforward.org/data-structure/next-greater-element-2,https://takeuforward.org/plus/dsa/problems/next-greater-element---2,https://takeuforward.org/plus/dsa/problems/next-greater-element---2?tab=editorial,
9,"Stack and Queues [Learning, Pre-In-Post-fix, Monotonic Stack, Implementation]",3,Monotonic Stack/Queue Problems [VVV. Imp],768,Next Smaller Element,Medium,,,https://takeuforward.org/data-structure/next-smaller-element,https://takeuforward.org/plus/dsa/problems/next-smaller-element,,
9,"Stack and Queues [Learning, Pre-In-Post-fix, Monotonic Stack, Implementation]",3,Monotonic Stack/Queue Problems [VVV. Imp],285,Number of Greater Elements to the Right,Easy,,,https://takeuforward.org/data-structure/number-of-nges-to-the-right,https://takeuforward.org/plus/dsa/problems/number-of-greater-elements-to-the-right,,
9,"Stack and Queues [Learning, Pre-In-Post-fix, Monotonic Stack, Implementation]",3,Monotonic Stack/Queue Problems [VVV. Imp],965,Trapping Rainwater,Hard,https://youtu.be/1_5VuquLbXg?si=NFG6df318_6OtGvg,https://leetcode.com/problems/trapping-rain-water/,https://takeuforward.org/data-structure/trapping-rainwater/,https://takeuforward.org/plus/dsa/problems/trapping-rainwater,https://takeuforward.org/plus/dsa/problems/trapping-rainwater?tab=editorial,
9,"Stack and Queues [Learning, Pre-In-Post-fix, Monotonic Stack, Implementation]",3,Monotonic Stack/Queue Problems [VVV. Imp],971,Sum of Subarray Minimums,Medium,https://youtu.be/v0e8p9JCgRc?si=XAU7ekECgS5nboRw,https://leetcode.com/problems/sum-of-subarray-minimums/,https://takeuforward.org/data-structure/sum-of-subarray-minimums,https://takeuforward.org/plus/dsa/problems/sum-of-subarray-minimums,https://takeuforward.org/plus/dsa/problems/sum-of-subarray-minimums?tab=editorial,
9,"Stack and Queues [Learning, Pre-In-Post-fix, Monotonic Stack, Implementation]",3,Monotonic Stack/Queue Problems [VVV. Imp],967,Asteroid Collision,Medium,https://youtu.be/_eYGqw_VDR4?si=YyxibcHq800RqgIQ,https://leetcode.com/problems/asteroid-collision/,https://takeuforward.org/data-structure/asteroid-collision,https://takeuforward.org/plus/dsa/problems/asteroid-collision,https://takeuforward.org/plus/dsa/problems/asteroid-collision?tab=editorial,
9,"Stack and Queues [Learning, Pre-In-Post-fix, Monotonic Stack, Implementation]",3,Monotonic Stack/Queue Problems [VVV. Imp],972,Sum of Subarray Ranges,Medium,https://youtu.be/gIrMptNPf5M?si=Q_GHuBvzZVs27X_U,https://leetcode.com/problems/sum-of-subarray-ranges/,https://takeuforward.org/data-structure/sum-of-subarray-ranges,https://takeuforward.org/plus/dsa/problems/sum-of-subarray-ranges,https://takeuforward.org/plus/dsa/problems/sum-of-subarray-ranges?tab=editorial,
9,"Stack and Queues [Learning, Pre-In-Post-fix, Monotonic Stack, Implementation]",3,Monotonic Stack/Queue Problems [VVV. Imp],970,Remove K Digits,Medium,https://youtu.be/jmbuRzYPGrg?si=WN387gwQ7aXWkUao,https://leetcode.com/problems/remove-k-digits/,https://takeuforward.org/data-structure/remove-k-digits,https://takeuforward.org/plus/dsa/problems/remove-k-digits,https://takeuforward.org/plus/dsa/problems/remove-k-digits?tab=editorial,
9,"Stack and Queues [Learning, Pre-In-Post-fix, Monotonic Stack, Implementation]",3,Monotonic Stack/Queue Problems [VVV. Imp],959,Largest rectangle in a histogram,Hard,https://youtu.be/Bzat9vgD0fs?si=DiBlLejXcr6EJoyB,https://leetcode.com/problems/largest-rectangle-in-histogram/,https://takeuforward.org/data-structure/area-of-largest-rectangle-in-histogram/,https://takeuforward.org/plus/dsa/problems/largest-rectangle-in-a-histogram,https://takeuforward.org/plus/dsa/problems/largest-rectangle-in-a-histogram?tab=editorial,
9,"Stack and Queues [Learning, Pre-In-Post-fix, Monotonic Stack, Implementation]",3,Monotonic Stack/Queue Problems [VVV. Imp],962,Maximum Rectangles,Hard,https://youtu.be/tOylVCugy9k,https://leetcode.com/problems/maximal-rectangle/,https://takeuforward.org/data-structure/maximum-rectangle-area-with-all-1s-dp-on-rectangles-dp-55/,https://takeuforward.org/plus/dsa/problems/maximum-rectangles,https://takeuforward.org/plus/dsa/problems/maximum-rectangles?tab=editorial,
9,"Stack and Queues [Learning, Pre-In-Post-fix, Monotonic Stack, Implementation]",4,Implementation Problems,963,Sliding Window Maximum,Hard,https://youtu.be/NwBvene4Imo?si=eU1PY-bcQfk5wdog,https://leetcode.com/problems/sliding-window-maximum/,https://takeuforward.org/data-structure/sliding-window-maximum/,https://takeuforward.org/plus/dsa/problems/sliding-window-maximum,https://takeuforward.org/plus/dsa/problems/sliding-window-maximum?tab=editorial,
9,"Stack and Queues [Learning, Pre-In-Post-fix, Monotonic Stack, Implementation]",4,Implementation Problems,964,Stock span problem,Hard,https://youtu.be/eay-zoSRkVc?si=deNNe5i38BOAntha,https://leetcode.com/problems/online-stock-span/,https://takeuforward.org/data-structure/stock-span-problem,https://takeuforward.org/plus/dsa/problems/stock-span-problem,https://takeuforward.org/plus/dsa/problems/stock-span-problem?tab=editorial,
9,"Stack and Queues [Learning, Pre-In-Post-fix, Monotonic Stack, Implementation]",4,Implementation Problems,957,Celebrity Problem,Hard,https://youtu.be/cEadsbTeze4?si=olXYfOs7l-SEn2zl,https://leetcode.com/accounts/login/?next=/problems/find-the-celebrity/,https://takeuforward.org/data-structure/celebrity-problem,https://takeuforward.org/plus/dsa/problems/celebrity-problem,https://takeuforward.org/plus/dsa/problems/celebrity-problem?tab=editorial,
9,"Stack and Queues [Learning, Pre-In-Post-fix, Monotonic Stack, Implementation]",4,Implementation Problems,961,LRU Cache,Medium,,,https://takeuforward.org/data-structure/program-for-least-recently-used-lru-page-replacement-algorithm,https://takeuforward.org/plus/dsa/problems/lru-cache,https://takeuforward.org/plus/dsa/problems/lru-cache?tab=editorial,
9,"Stack and Queues [Learning, Pre-In-Post-fix, Monotonic Stack, Implementation]",4,Implementation Problems,960,LFU Cache,Hard,https://www.youtube.com/watch?v=0PSB9y8ehbk&list=PLgUwDviBIf0p4ozDR_kJJkONnb1wdx2Ma&index=79,https://leetcode.com/problems/lfu-cache/,https://takeuforward.org/data-structure/lfu-cache,https://takeuforward.org/plus/dsa/problems/lfu-cache,https://takeuforward.org/plus/dsa/problems/lfu-cache?tab=editorial,
10,Sliding Window & Two Pointer Combined Problems,1,Medium Problems,2857,Longest Substring Without Repeating Characters,Medium,https://youtu.be/-zSxTJkcdAo?si=I2zfR-vlDMg0zU9z,https://leetcode.com/problems/longest-substring-without-repeating-characters/,https://takeuforward.org/data-structure/length-of-longest-substring-without-any-repeating-character/,https://takeuforward.org/plus/dsa/problems/longest-substring-without-repeating-characters,https://takeuforward.org/plus/dsa/problems/longest-substring-without-repeating-characters?tab=editorial,
10,Sliding Window & Two Pointer Combined Problems,1,Medium Problems,930,Max Consecutive Ones III,Medium,https://youtu.be/3E4JBHSLpYk?si=SoOW64pP6otEKxBw,https://leetcode.com/problems/max-consecutive-ones-iii/,https://takeuforward.org/data-structure/max-consecutive-ones-iii,https://takeuforward.org/plus/dsa/problems/max-consecutive-ones-iii,https://takeuforward.org/plus/dsa/problems/max-consecutive-ones-iii?tab=editorial,
10,Sliding Window & Two Pointer Combined Problems,1,Medium Problems,926,Fruit Into Baskets,Medium,https://youtu.be/e3bs0uA1NhQ?si=gR8pO62u-nJeFAXk,https://leetcode.com/problems/fruit-into-baskets/description/,https://takeuforward.org/data-structure/fruit-into-baskets,https://takeuforward.org/plus/dsa/problems/fruit-into-baskets,https://takeuforward.org/plus/dsa/problems/fruit-into-baskets?tab=editorial,
10,Sliding Window & Two Pointer Combined Problems,1,Medium Problems,927,Longest Repeating Character Replacement,Hard,https://youtu.be/_eNhaDCr6P0?si=pBWcEjozF5poom0p,https://leetcode.com/problems/longest-repeating-character-replacement/,https://takeuforward.org/data-structure/longest-repeating-character-replacement,https://takeuforward.org/plus/dsa/problems/longest-repeating-character-replacement,https://takeuforward.org/plus/dsa/problems/longest-repeating-character-replacement?tab=editorial,
10,Sliding Window & Two Pointer Combined Problems,1,Medium Problems,923,Binary Subarrays With Sum,Hard,https://youtu.be/XnMdNUkX6VM?si=Nyt8EveeLUg8lmty,https://leetcode.com/problems/binary-subarrays-with-sum/,https://takeuforward.org/data-structure/binary-subarray-with-sum,https://takeuforward.org/plus/dsa/problems/binary-subarrays-with-sum,https://takeuforward.org/plus/dsa/problems/binary-subarrays-with-sum?tab=editorial,
10,Sliding Window & Two Pointer Combined Problems,1,Medium Problems,924,Count number of Nice subarrays,Hard,https://youtu.be/j_QOv9OT9Og?si=Oq5-5hyFkzVSOZpP,https://leetcode.com/problems/count-number-of-nice-subarrays/,https://takeuforward.org/data-structure/count-number-of-nice-subarrays,https://takeuforward.org/plus/dsa/problems/count-number-of-nice-subarrays,https://takeuforward.org/plus/dsa/problems/count-number-of-nice-subarrays?tab=editorial,
10,Sliding Window & Two Pointer Combined Problems,1,Medium Problems,925,Number of Substrings Containing All Three Characters,Hard,https://youtu.be/xtqN4qlgr8s?si=kuaLHVOLXhh5Z2tW,https://leetcode.com/problems/number-of-substrings-containing-all-three-characters/,https://takeuforward.org/data-structure/number-of-substring-containing-all-three-characters,https://takeuforward.org/plus/dsa/problems/number-of-substrings-containing-all-three-characters,https://takeuforward.org/plus/dsa/problems/number-of-substrings-containing-all-three-characters?tab=editorial,
10,Sliding Window & Two Pointer Combined Problems,1,Medium Problems,922,Maximum Points You Can Obtain from Cards,Medium,https://youtu.be/pBWCOCS636U?si=-X64rY67noxvOwrG,https://leetcode.com/problems/maximum-points-you-can-obtain-from-cards/,https://takeuforward.org/data-structure/maximum-point-you-can-obtain-from-cards,https://takeuforward.org/plus/dsa/problems/maximum-points-you-can-obtain-from-cards-,https://takeuforward.org/plus/dsa/problems/maximum-points-you-can-obtain-from-cards-?tab=editorial,
10,Sliding Window & Two Pointer Combined Problems,2,Hard Problems,928,Longest Substring With At Most K Distinct Characters,Hard,https://youtu.be/teM9ZsVRQyc?si=Kh0_u6aCkkBU3Q33,https://leetcode.com/problems/longest-substring-with-at-most-k-distinct-characters/,https://takeuforward.org/data-structure/longest-substring-with-at-most-k-distinct-characters,https://takeuforward.org/plus/dsa/problems/longest-substring-with-at-most-k-distinct-characters,https://takeuforward.org/plus/dsa/problems/longest-substring-with-at-most-k-distinct-characters?tab=editorial,
10,Sliding Window & Two Pointer Combined Problems,2,Hard Problems,988,Subarrays with K Different Integers,Medium,https://youtu.be/7wYGbV_LsX4?si=KWa48RgLDCvdNqRb,https://leetcode.com/problems/subarrays-with-k-different-integers/,https://takeuforward.org/data-structure/subarray-with-k-different-integers,https://takeuforward.org/plus/dsa/problems/subarrays-with-k-different-integers,,
10,Sliding Window & Two Pointer Combined Problems,2,Hard Problems,931,Minimum Window Substring,Hard,https://youtu.be/WJaij9ffOIY?si=-xnsWIH84zWU0ICd,https://leetcode.com/problems/minimum-window-substring/,,https://takeuforward.org/plus/dsa/problems/minimum-window-substring-,https://takeuforward.org/plus/dsa/problems/minimum-window-substring-?tab=editorial,
10,Sliding Window & Two Pointer Combined Problems,2,Hard Problems,754,Minimum Window Subsequence,Hard,,https://leetcode.com/problems/minimum-window-subsequence/,,https://takeuforward.org/plus/dsa/problems/minimum-window-subsequence,https://takeuforward.org/plus/dsa/problems/minimum-window-subsequence?tab=editorial,
11,"Heaps [Learning, Medium, Hard Problems]",1,Learning,1223,Heaps (Theory Video),Easy,,,https://takeuforward.org/data-structure/introduction-to-priority-queues-using-binary-heaps,https://takeuforward.org/plus/dsa/problems/heaps-theory,https://takeuforward.org/plus/dsa/problems/heaps-theory,
11,"Heaps [Learning, Medium, Hard Problems]",1,Learning,576,Implement Min Heap,Medium,,,,https://takeuforward.org/plus/dsa/problems/implement-min-heap,https://takeuforward.org/plus/dsa/problems/implement-min-heap?tab=editorial,
11,"Heaps [Learning, Medium, Hard Problems]",1,Learning,571,Check if an array represents a min heap,Medium,,,https://takeuforward.org/data-structure/check-if-an-array-represents-a-min-heap,https://takeuforward.org/plus/dsa/problems/check-if-an-array-represents-a-min-heap-,https://takeuforward.org/plus/dsa/problems/check-if-an-array-represents-a-min-heap-?tab=editorial,
11,"Heaps [Learning, Medium, Hard Problems]",1,Learning,572,Convert Min Heap to Max Heap,Medium,,,,https://takeuforward.org/plus/dsa/problems/convert-min-heap-to-max-heap,https://takeuforward.org/plus/dsa/problems/convert-min-heap-to-max-heap?tab=editorial,
11,"Heaps [Learning, Medium, Hard Problems]",2,Medium Problems,578,K-th Largest element in an array,Medium,,,https://takeuforward.org/data-structure/kth-largest-smallest-element-in-an-array/,https://takeuforward.org/plus/dsa/problems/k-th-largest-element-in-an-array,,
11,"Heaps [Learning, Medium, Hard Problems]",2,Medium Problems,2840,Kth smallest element in an array [use priority queue],Medium,,,https://takeuforward.org/data-structure/kth-largest-smallest-element-in-an-array/,https://takeuforward.org/plus/dsa/problems/kth-smallest-element-in-an-array,https://takeuforward.org/plus/dsa/problems/kth-smallest-element-in-an-array?tab=editorial,
11,"Heaps [Learning, Medium, Hard Problems]",2,Medium Problems,2409,Sort K sorted array,Easy,,,https://takeuforward.org/data-structure/sort-k-sorted-array,,,
11,"Heaps [Learning, Medium, Hard Problems]",2,Medium Problems,569,Merge K sorted Lists,Hard,,https://leetcode.com/problems/merge-k-sorted-lists/,https://takeuforward.org/data-structure/merge-m-sorted-lists,https://takeuforward.org/plus/dsa/problems/merge-k-sorted-lists,,
11,"Heaps [Learning, Medium, Hard Problems]",2,Medium Problems,898,Replace Elements by Their Rank,Easy,,,https://takeuforward.org/data-structure/replace-elements-by-its-rank-in-the-array/,https://takeuforward.org/plus/dsa/problems/replace-elements-by-their-rank,,
11,"Heaps [Learning, Medium, Hard Problems]",2,Medium Problems,1008,Task Scheduler,Medium,,https://leetcode.com/problems/task-scheduler/,https://takeuforward.org/data-structure/task-scheduler,https://takeuforward.org/plus/dsa/problems/task-scheduler,,
11,"Heaps [Learning, Medium, Hard Problems]",2,Medium Problems,556,Hand of Straights,Medium,,https://leetcode.com/problems/hand-of-straights/,https://takeuforward.org/data-structure/hands-of-straights,https://takeuforward.org/plus/dsa/problems/hand-of-straights,,
11,"Heaps [Learning, Medium, Hard Problems]",3,Hard Problems,565,Design Twitter,Medium,,https://leetcode.com/problems/design-twitter/,https://takeuforward.org/data-structure/design-twitter,https://takeuforward.org/plus/dsa/problems/design-twitter,,
11,"Heaps [Learning, Medium, Hard Problems]",3,Hard Problems,755,Minimum Cost to Connect Sticks,Medium,,,https://takeuforward.org/data-structure/minimum-cost-to-connect-sticks,https://takeuforward.org/plus/dsa/problems/minimum-cost-to-connect-sticks,https://takeuforward.org/plus/dsa/problems/minimum-cost-to-connect-sticks?tab=editorial,
11,"Heaps [Learning, Medium, Hard Problems]",3,Hard Problems,2838,Kth largest element in a stream of running integers,Hard,,"https://leetcode.com/problems/kth-largest-element-in-a-stream/#:~:text=Implement%20KthLargest%20class%3A,largest%20element%20in%20the%20stream.",https://takeuforward.org/data-structure/kth-largest-element-in-a-stream-of-running-integers,https://takeuforward.org/plus/dsa/problems/kth-largest-element-in-a-stream-of-running-integers,https://takeuforward.org/plus/dsa/problems/kth-largest-element-in-a-stream-of-running-integers?tab=editorial,
11,"Heaps [Learning, Medium, Hard Problems]",3,Hard Problems,568,Maximum Sum Combination,Hard,,,https://takeuforward.org/data-structure/maximum-sum-combination,https://takeuforward.org/plus/dsa/problems/maximum-sum-combination,,
11,"Heaps [Learning, Medium, Hard Problems]",3,Hard Problems,566,Find Median from Data Stream,Hard,,https://leetcode.com/problems/find-median-from-data-stream/,https://takeuforward.org/data-structure/find-median-from-data-stream,https://takeuforward.org/plus/dsa/problems/find-median-from-data-stream,,
11,"Heaps [Learning, Medium, Hard Problems]",3,Hard Problems,1018,Top K Frequent Elements,Medium,,https://leetcode.com/problems/top-k-frequent-elements/,https://takeuforward.org/data-structure/top-k-frequent-elements,https://takeuforward.org/plus/dsa/problems/top-k-frequent-elements,,
12,"Greedy Algorithms [Easy, Medium/Hard]",1,Easy Problems,2834,Assign Cookies,Easy,https://youtu.be/DIX2p7vb9co?si=GofAIDimue-Av0Fi,https://leetcode.com/problems/assign-cookies/,https://takeuforward.org/data-structure/assign-cookies,https://takeuforward.org/plus/dsa/problems/assign-cookies,https://takeuforward.org/plus/dsa/problems/assign-cookies?tab=editorial,
12,"Greedy Algorithms [Easy, Medium/Hard]",1,Easy Problems,489,Fractional Knapsack,Medium,https://youtu.be/1ibsQrnuEEg?si=8R2By3wpHo0zZVHE,,https://takeuforward.org/data-structure/fractional-knapsack-problem-greedy-approach/,https://takeuforward.org/plus/dsa/problems/fractional-knapsack,,
12,"Greedy Algorithms [Easy, Medium/Hard]",1,Easy Problems,543,Lemonade Change,Easy,https://youtu.be/n_tmibEhO6Q?si=q1NW8MfPy0QU6fIl,https://leetcode.com/problems/lemonade-change/,https://takeuforward.org/Greedy/lemonade-change,https://takeuforward.org/plus/dsa/problems/lemonade-change,https://takeuforward.org/plus/dsa/problems/lemonade-change?tab=editorial,
12,"Greedy Algorithms [Easy, Medium/Hard]",1,Easy Problems,545,Valid Paranthesis Checker,Hard,https://youtu.be/cHT6sG_hUZI?si=XRHeyh7jOaLaTy3g,https://leetcode.com/problems/valid-parenthesis-string/,https://takeuforward.org/data-structure/valid-paranthesis-checker,https://takeuforward.org/plus/dsa/problems/valid-paranthesis-checker,https://takeuforward.org/plus/dsa/problems/valid-paranthesis-checker?tab=editorial,
12,"Greedy Algorithms [Easy, Medium/Hard]",2,Medium/Hard,549,N meetings in one room,Medium,https://youtu.be/mKfhTotEguk?si=2RELeq18mpmIIN3Q,,https://takeuforward.org/data-structure/n-meetings-in-one-room/,https://takeuforward.org/plus/dsa/problems/n-meetings-in-one-room,https://takeuforward.org/plus/dsa/problems/n-meetings-in-one-room?tab=editorial,
12,"Greedy Algorithms [Easy, Medium/Hard]",2,Medium/Hard,542,Jump Game - I,Easy,https://youtu.be/tZAa_jJ3SwQ?si=voKd7n9VTLDRRNzJ,https://leetcode.com/problems/jump-game/,https://takeuforward.org/Greedy/jump-game-i,https://takeuforward.org/plus/dsa/problems/jump-game---i,https://takeuforward.org/plus/dsa/problems/jump-game---i?tab=editorial,
12,"Greedy Algorithms [Easy, Medium/Hard]",2,Medium/Hard,595,Jump Game II,Medium,https://youtu.be/7SBVnw7GSTk?si=9uUouBELh9K3m2jZ,https://leetcode.com/problems/jump-game-ii/,https://takeuforward.org/data-structure/jump-game-2,https://takeuforward.org/plus/dsa/problems/jump-game-ii,,
12,"Greedy Algorithms [Easy, Medium/Hard]",2,Medium/Hard,548,Minimum number of platforms required for a railway,Medium,https://youtu.be/AsGzwR_FWok?si=165acXU_dtqOHuo9,,https://takeuforward.org/data-structure/minimum-number-of-platforms-required-for-a-railway/,https://takeuforward.org/plus/dsa/problems/minimum-number-of-platforms-required-for-a-railway,https://takeuforward.org/plus/dsa/problems/minimum-number-of-platforms-required-for-a-railway?tab=editorial,
12,"Greedy Algorithms [Easy, Medium/Hard]",2,Medium/Hard,547,Job sequencing Problem,Medium,https://youtu.be/QbwltemZbRg?si=wvcemJ5BLPlTRmkG,,https://takeuforward.org/data-structure/job-sequencing-problem/,https://takeuforward.org/plus/dsa/problems/job-sequencing-problem,https://takeuforward.org/plus/dsa/problems/job-sequencing-problem?tab=editorial,
12,"Greedy Algorithms [Easy, Medium/Hard]",2,Medium/Hard,544,Candy,Hard,https://youtu.be/IIqVFvKE6RY?si=EjmuXZJNLQLUkEd7,https://leetcode.com/problems/candy/,https://takeuforward.org/data-structure/candy,https://takeuforward.org/plus/dsa/problems/candy,https://takeuforward.org/plus/dsa/problems/candy?tab=editorial,
12,"Greedy Algorithms [Easy, Medium/Hard]",2,Medium/Hard,551,Shortest Job First,Medium,https://youtu.be/3-QbX1iDbXs?si=IH8QZUblr01F7UoQ,,https://takeuforward.org/Greedy/shortest-job-first-or-sjf-cpu-scheduling,https://takeuforward.org/plus/dsa/problems/shortest-job-first,https://takeuforward.org/plus/dsa/problems/shortest-job-first?tab=editorial,
12,"Greedy Algorithms [Easy, Medium/Hard]",2,Medium/Hard,2859,Program for Least Recently Used (LRU) Page Replacement Algorithm,Medium,,,https://takeuforward.org/data-structure/program-for-least-recently-used-lru-page-replacement-algorithm,https://takeuforward.org/plus/dsa/problems/lru-cache,https://takeuforward.org/plus/dsa/problems/lru-cache?tab=editorial,
12,"Greedy Algorithms [Easy, Medium/Hard]",2,Medium/Hard,546,Insert Interval,Medium,https://youtu.be/xxRE-46OCC8?si=a7aPuIw16zDx2lAa,https://leetcode.com/problems/insert-interval/,https://takeuforward.org/data-structure/insert-new-interval,https://takeuforward.org/plus/dsa/problems/insert-interval,https://takeuforward.org/plus/dsa/problems/insert-interval?tab=editorial,
12,"Greedy Algorithms [Easy, Medium/Hard]",2,Medium/Hard,712,Merge Intervals,Medium,https://www.youtube.com/watch?v=2JzRBPFYbKE&list=PLgUwDviBIf0rPG3Ictpu74YWBQ1CaBkm2&index=6,https://leetcode.com/problems/merge-intervals/,https://takeuforward.org/data-structure/merge-overlapping-sub-intervals/,https://takeuforward.org/plus/dsa/problems/merge-intervals,,
12,"Greedy Algorithms [Easy, Medium/Hard]",2,Medium/Hard,550,Non-overlapping Intervals,Medium,https://youtu.be/HDHQ8lAWakY?si=JVtLqboGdpUTOVjf,https://leetcode.com/problems/non-overlapping-intervals/,https://takeuforward.org/data-structure/non-overlapping-intervals,https://takeuforward.org/plus/dsa/problems/non-overlapping-intervals,https://takeuforward.org/plus/dsa/problems/non-overlapping-intervals?tab=editorial,
13,"Binary Trees [Traversals, Medium and Hard Problems]",1,Traversals,2865,Introduction to Trees,Easy,https://youtu.be/_ANrF3FJm7I,,https://takeuforward.org/binary-tree/introduction-to-trees/,https://takeuforward.org/plus/dsa/problems/introduction-,https://takeuforward.org/plus/dsa/problems/introduction-,
13,"Binary Trees [Traversals, Medium and Hard Problems]",1,Traversals,2864,Binary Tree Representation in Java,Easy,https://youtu.be/hyLyW7rP24I,,https://takeuforward.org/binary-tree/binary-tree-representation-in-java/,https://takeuforward.org/plus/dsa/problems/introduction-,https://takeuforward.org/plus/dsa/problems/introduction-,
13,"Binary Trees [Traversals, Medium and Hard Problems]",1,Traversals,136,"Pre, Post, Inorder in one traversal",Easy,https://youtu.be/ySp2epYvgTE,,https://takeuforward.org/data-structure/preorder-inorder-postorder-traversals-in-one-traversal/,"https://takeuforward.org/plus/dsa/problems/pre,-post,-inorder-in-one-traversal","https://takeuforward.org/plus/dsa/problems/pre,-post,-inorder-in-one-traversal?tab=editorial",
13,"Binary Trees [Traversals, Medium and Hard Problems]",1,Traversals,137,Preorder Traversal,Easy,https://youtu.be/RlUu72JrOCQ,https://leetcode.com/problems/binary-tree-preorder-traversal/,https://takeuforward.org/data-structure/preorder-traversal-of-binary-tree/,https://takeuforward.org/plus/dsa/problems/preorder-traversal,https://takeuforward.org/plus/dsa/problems/preorder-traversal?tab=editorial,
13,"Binary Trees [Traversals, Medium and Hard Problems]",1,Traversals,2785,Inorder Traversal of Binary Tree,Easy,https://youtu.be/Z_NEgBgbRVI,https://leetcode.com/problems/binary-tree-inorder-traversal/,https://takeuforward.org/data-structure/inorder-traversal-of-binary-tree/,https://takeuforward.org/plus/dsa/problems/inorder-traversal,https://takeuforward.org/plus/dsa/problems/inorder-traversal?tab=editorial,
13,"Binary Trees [Traversals, Medium and Hard Problems]",1,Traversals,135,Postorder Traversal,Easy,https://youtu.be/2YBhNLodD8Q,https://leetcode.com/problems/binary-tree-postorder-traversal/,https://takeuforward.org/data-structure/iterative-postorder-traversal-of-binary-tree-using-2-stack,https://takeuforward.org/plus/dsa/problems/postorder-traversal,https://takeuforward.org/plus/dsa/problems/postorder-traversal?tab=editorial,
13,"Binary Trees [Traversals, Medium and Hard Problems]",1,Traversals,134,Level Order Traversal,Easy,https://youtu.be/EoAsWbO7sqg,https://leetcode.com/problems/binary-tree-level-order-traversal/,https://takeuforward.org/data-structure/level-order-traversal-of-a-binary-tree/,https://takeuforward.org/plus/dsa/problems/level-order-traversal,https://takeuforward.org/plus/dsa/problems/level-order-traversal?tab=editorial,
13,"Binary Trees [Traversals, Medium and Hard Problems]",1,Traversals,2872,Iterative Preorder Traversal of Binary Tree,Easy,https://youtu.be/Bfqd8BsPVuw,https://leetcode.com/problems/binary-tree-preorder-traversal/,https://takeuforward.org/data-structure/iterative-preorder-traversal-of-binary-tree,https://takeuforward.org/plus/dsa/problems/preorder-traversal,https://takeuforward.org/plus/dsa/problems/preorder-traversal?tab=editorial,
13,"Binary Trees [Traversals, Medium and Hard Problems]",1,Traversals,2786,Iterative Inorder Traversal of Binary Tree,Easy,https://youtu.be/lxTGsVXjwvM,https://leetcode.com/problems/binary-tree-inorder-traversal/,https://takeuforward.org/data-structure/inorder-traversal-of-binary-tree/,https://takeuforward.org/plus/dsa/problems/inorder-traversal,https://takeuforward.org/plus/dsa/problems/inorder-traversal?tab=editorial,
13,"Binary Trees [Traversals, Medium and Hard Problems]",1,Traversals,2788,Post-order Traversal of Binary Tree using 2 stack,Easy,https://youtu.be/2YBhNLodD8Q,https://leetcode.com/problems/binary-tree-postorder-traversal/,https://takeuforward.org/data-structure/iterative-postorder-traversal-of-binary-tree-using-2-stack,https://takeuforward.org/plus/dsa/problems/postorder-traversal,https://takeuforward.org/plus/dsa/problems/postorder-traversal?tab=editorial,
13,"Binary Trees [Traversals, Medium and Hard Problems]",1,Traversals,2787,Post-order Traversal of Binary Tree using 1 stack,Easy,https://youtu.be/NzIGLLwZBS8,https://leetcode.com/problems/binary-tree-postorder-traversal/,https://takeuforward.org/data-structure/post-order-traversal-of-binary-tree/,https://takeuforward.org/plus/dsa/problems/postorder-traversal,https://takeuforward.org/plus/dsa/problems/postorder-traversal?tab=editorial,
13,"Binary Trees [Traversals, Medium and Hard Problems]",1,Traversals,2789,"Preorder, Inorder, and Postorder Traversal in one Traversal",Easy,https://youtu.be/ySp2epYvgTE,,https://takeuforward.org/data-structure/preorder-inorder-postorder-traversals-in-one-traversal/,"https://takeuforward.org/plus/dsa/problems/pre,-post,-inorder-in-one-traversal","https://takeuforward.org/plus/dsa/problems/pre,-post,-inorder-in-one-traversal?tab=editorial",
13,"Binary Trees [Traversals, Medium and Hard Problems]",2,Medium Problems,131,Maximum Depth in BT,Medium,https://youtu.be/eD3tmO66aBA,https://leetcode.com/problems/maximum-depth-of-binary-tree/,https://takeuforward.org/data-structure/maximum-depth-of-a-binary-tree/,https://takeuforward.org/plus/dsa/problems/maximum-depth-in-bt,https://takeuforward.org/plus/dsa/problems/maximum-depth-in-bt?tab=editorial,
13,"Binary Trees [Traversals, Medium and Hard Problems]",2,Medium Problems,127,Check for balanced binary tree,Medium,https://youtu.be/Yt50Jfbd8Po,https://leetcode.com/problems/balanced-binary-tree/,https://takeuforward.org/data-structure/check-if-the-binary-tree-is-balanced-binary-tree/,https://takeuforward.org/plus/dsa/problems/check-for-balanced-binary-tree,https://takeuforward.org/plus/dsa/problems/check-for-balanced-binary-tree?tab=editorial,
13,"Binary Trees [Traversals, Medium and Hard Problems]",2,Medium Problems,130,Diameter of Binary Tree,Easy,https://youtu.be/Rezetez59Nk,https://leetcode.com/problems/diameter-of-binary-tree/,https://takeuforward.org/data-structure/calculate-the-diameter-of-a-binary-tree/,https://takeuforward.org/plus/dsa/problems/diameter-of-binary-tree,https://takeuforward.org/plus/dsa/problems/diameter-of-binary-tree?tab=editorial,
13,"Binary Trees [Traversals, Medium and Hard Problems]",2,Medium Problems,132,Maximum path sum,Medium,https://youtu.be/WszrfSwMz58,https://leetcode.com/problems/binary-tree-maximum-path-sum/,https://takeuforward.org/data-structure/maximum-sum-path-in-binary-tree/,https://takeuforward.org/plus/dsa/problems/maximum-path-sum-,https://takeuforward.org/plus/dsa/problems/maximum-path-sum-?tab=editorial,
13,"Binary Trees [Traversals, Medium and Hard Problems]",2,Medium Problems,129,Check if two trees are identical or not,Medium,https://youtu.be/BhuvF_-PWS0,https://leetcode.com/problems/same-tree/,https://takeuforward.org/data-structure/check-if-two-trees-are-identical/,https://takeuforward.org/plus/dsa/problems/check-if-two-trees-are-identical-or-not,https://takeuforward.org/plus/dsa/problems/check-if-two-trees-are-identical-or-not?tab=editorial,
13,"Binary Trees [Traversals, Medium and Hard Problems]",2,Medium Problems,126,Zig Zag or Spiral Traversal,Medium,https://youtu.be/3OXWEdlIGl4,https://leetcode.com/problems/binary-tree-zigzag-level-order-traversal/,https://takeuforward.org/data-structure/zig-zag-traversal-of-binary-tree/,https://takeuforward.org/plus/dsa/problems/zig-zag-or-spiral-traversal,https://takeuforward.org/plus/dsa/problems/zig-zag-or-spiral-traversal?tab=editorial,
13,"Binary Trees [Traversals, Medium and Hard Problems]",2,Medium Problems,116,Boundary Traversal,Medium,https://youtu.be/0ca1nvR0be4,https://leetcode.com/problems/boundary-of-binary-tree/,https://takeuforward.org/data-structure/boundary-traversal-of-a-binary-tree/,https://takeuforward.org/plus/dsa/problems/boundary-traversal,https://takeuforward.org/plus/dsa/problems/boundary-traversal?tab=editorial,
13,"Binary Trees [Traversals, Medium and Hard Problems]",2,Medium Problems,125,Vertical Order Traversal,Medium,https://youtu.be/q_a6lpbKJdw,https://leetcode.com/problems/vertical-order-traversal-of-a-binary-tree/,https://takeuforward.org/data-structure/vertical-order-traversal-of-binary-tree/,https://takeuforward.org/plus/dsa/problems/vertical-order-traversal,https://takeuforward.org/plus/dsa/problems/vertical-order-traversal?tab=editorial,
13,"Binary Trees [Traversals, Medium and Hard Problems]",2,Medium Problems,124,Top View of BT,Medium,https://youtu.be/Et9OCDNvJ78,,https://takeuforward.org/data-structure/top-view-of-a-binary-tree/,https://takeuforward.org/plus/dsa/problems/top-view-of-bt,https://takeuforward.org/plus/dsa/problems/top-view-of-bt?tab=editorial,
13,"Binary Trees [Traversals, Medium and Hard Problems]",2,Medium Problems,115,Bottom view of BT,Medium,https://youtu.be/0FtVY6I4pB8,,https://takeuforward.org/data-structure/bottom-view-of-a-binary-tree/,https://takeuforward.org/plus/dsa/problems/bottom-view-of-bt,https://takeuforward.org/plus/dsa/problems/bottom-view-of-bt?tab=editorial,
13,"Binary Trees [Traversals, Medium and Hard Problems]",2,Medium Problems,2782,Right/Left View of Binary Tree,Medium,https://youtu.be/KV4mRzTjlAk,https://leetcode.com/problems/binary-tree-right-side-view/,https://takeuforward.org/data-structure/right-left-view-of-binary-tree/,https://takeuforward.org/plus/dsa/problems/right-left-view-of-bt,https://takeuforward.org/plus/dsa/problems/right-left-view-of-bt?tab=editorial,
13,"Binary Trees [Traversals, Medium and Hard Problems]",2,Medium Problems,2784,Symmetric Binary Tree,Medium,https://www.youtube.com/watch?v=nKggNAiEpBE,https://leetcode.com/problems/symmetric-tree/,https://takeuforward.org/data-structure/check-for-symmetrical-binary-tree/,https://takeuforward.org/plus/dsa/problems/check-for-symmetrical-bts,https://takeuforward.org/plus/dsa/problems/check-for-symmetrical-bts?tab=editorial,
13,"Binary Trees [Traversals, Medium and Hard Problems]",3,Hard Problems,122,Print root to leaf path in BT,Medium,https://youtu.be/fmflMqVOC7k,,https://takeuforward.org/data-structure/print-root-to-node-path-in-a-binary-tree/,https://takeuforward.org/plus/dsa/problems/print-root-to-note-path-in-bt,https://takeuforward.org/plus/dsa/problems/print-root-to-note-path-in-bt?tab=editorial,
13,"Binary Trees [Traversals, Medium and Hard Problems]",3,Hard Problems,118,LCA in BT,Hard,https://youtu.be/_-QHfMDde90,https://leetcode.com/problems/lowest-common-ancestor-of-a-binary-tree/,https://takeuforward.org/data-structure/lowest-common-ancestor-for-two-given-nodes/,https://takeuforward.org/plus/dsa/problems/lca-in-bt,https://takeuforward.org/plus/dsa/problems/lca-in-bt?tab=editorial,
13,"Binary Trees [Traversals, Medium and Hard Problems]",3,Hard Problems,119,Maximum Width of BT,Medium,https://youtu.be/ZbybYvcVLks,https://leetcode.com/problems/maximum-width-of-binary-tree/,https://takeuforward.org/data-structure/maximum-width-of-a-binary-tree/,https://takeuforward.org/plus/dsa/problems/maximum-width-of-bt,https://takeuforward.org/plus/dsa/problems/maximum-width-of-bt?tab=editorial,
13,"Binary Trees [Traversals, Medium and Hard Problems]",3,Hard Problems,185,Children Sum Property in Binary Tree,Medium,https://youtu.be/fnmisPM6cVo,,https://takeuforward.org/data-structure/check-for-children-sum-property-in-a-binary-tree/,https://takeuforward.org/plus/dsa/problems/children-sum-property-in-binary-tree,https://takeuforward.org/plus/dsa/problems/children-sum-property-in-binary-tree?tab=editorial,
13,"Binary Trees [Traversals, Medium and Hard Problems]",3,Hard Problems,121,Print all nodes at a distance of K in BT,Hard,https://youtu.be/i9ORlEy6EsI,https://leetcode.com/problems/all-nodes-distance-k-in-binary-tree/,https://takeuforward.org/data-structure/print-all-the-nodes-at-a-distance-of-k-in-a-binary-tree,https://takeuforward.org/plus/dsa/problems/print-all-nodes-at-a-distance-of-k-in-bt,https://takeuforward.org/plus/dsa/problems/print-all-nodes-at-a-distance-of-k-in-bt?tab=editorial,
13,"Binary Trees [Traversals, Medium and Hard Problems]",3,Hard Problems,120,Minimum time taken to burn the BT from a given Node,Hard,https://youtu.be/2r5wLmQfD6g,,https://takeuforward.org/data-structure/minimum-time-taken-to-burn-the-binary-tree-from-a-node,https://takeuforward.org/plus/dsa/problems/minimum-time-taken-to-burn-the-bt-from-a-given-node,https://takeuforward.org/plus/dsa/problems/minimum-time-taken-to-burn-the-bt-from-a-given-node?tab=editorial,
13,"Binary Trees [Traversals, Medium and Hard Problems]",3,Hard Problems,117,Count total nodes in a complete BT,Easy,https://youtu.be/u-yWemKGWO0,https://leetcode.com/problems/count-complete-tree-nodes/,https://takeuforward.org/binary-tree/count-number-of-nodes-in-a-binary-tree/,https://takeuforward.org/plus/dsa/problems/count-total-nodes-in-a-complete-bt,https://takeuforward.org/plus/dsa/problems/count-total-nodes-in-a-complete-bt?tab=editorial,
13,"Binary Trees [Traversals, Medium and Hard Problems]",3,Hard Problems,111,Requirements needed to construct a unique BT,Medium,https://youtu.be/9GMECGQgWrQ,,,https://takeuforward.org/plus/dsa/problems/requirements-needed-to-construct-a-unique-bt,https://takeuforward.org/plus/dsa/problems/requirements-needed-to-construct-a-unique-bt?tab=editorial,
13,"Binary Trees [Traversals, Medium and Hard Problems]",3,Hard Problems,110,Construct a BT from Preorder and Inorder,Hard,https://youtu.be/aZNaLrVebKQ,https://leetcode.com/problems/construct-binary-tree-from-preorder-and-inorder-traversal/,https://takeuforward.org/data-structure/construct-a-binary-tree-from-inorder-and-preorder-traversal/,https://takeuforward.org/plus/dsa/problems/construct-a-bt-from-preorder-and-inorder,https://takeuforward.org/plus/dsa/problems/construct-a-bt-from-preorder-and-inorder?tab=editorial,
13,"Binary Trees [Traversals, Medium and Hard Problems]",3,Hard Problems,2781,Construct the Binary Tree from Postorder and Inorder Traversal,Hard,https://youtu.be/LgLRTaEMRVc,https://leetcode.com/problems/construct-binary-tree-from-inorder-and-postorder-traversal/,https://takeuforward.org/data-structure/construct-binary-tree-from-inorder-and-postorder-traversal/,https://takeuforward.org/plus/dsa/problems/construct-a-bt-from-postorder-and-inorder,https://takeuforward.org/plus/dsa/problems/construct-a-bt-from-postorder-and-inorder?tab=editorial,
13,"Binary Trees [Traversals, Medium and Hard Problems]",3,Hard Problems,112,Serialize and De-serialize BT,Hard,https://youtu.be/-YbXySKJsX8,https://leetcode.com/problems/serialize-and-deserialize-binary-tree/,https://takeuforward.org/data-structure/serialize-and-deserialize-a-binary-tree/,https://takeuforward.org/plus/dsa/problems/serialize-and-de-serialize-bt,https://takeuforward.org/plus/dsa/problems/serialize-and-de-serialize-bt?tab=editorial,
13,"Binary Trees [Traversals, Medium and Hard Problems]",3,Hard Problems,2791,Morris Preorder Traversal of a Binary Tree,Hard,https://youtu.be/80Zug6D1_r4,https://leetcode.com/problems/binary-tree-inorder-traversal/,https://takeuforward.org/data-structure/morris-preorder-traversal-of-a-binary-tree/,https://takeuforward.org/plus/dsa/problems/morris-preorder-traversal-,https://takeuforward.org/plus/dsa/problems/morris-preorder-traversal-?tab=editorial,
13,"Binary Trees [Traversals, Medium and Hard Problems]",3,Hard Problems,2792,Morris Inorder Traversal of a Binary Tree,Hard,https://youtu.be/80Zug6D1_r4,https://leetcode.com/problems/binary-tree-inorder-traversal/,https://takeuforward.org/data-structure/morris-inorder-traversal-of-a-binary-tree/,https://takeuforward.org/plus/dsa/problems/morris-inorder-traversal-,https://takeuforward.org/plus/dsa/problems/morris-inorder-traversal-?tab=editorial,
13,"Binary Trees [Traversals, Medium and Hard Problems]",3,Hard Problems,486,Flatten Binary Tree to Linked List,Medium,https://youtu.be/sWf7k1x9XR4,https://leetcode.com/problems/flatten-binary-tree-to-linked-list/,https://takeuforward.org/data-structure/flatten-binary-tree-to-linked-list/,https://takeuforward.org/plus/dsa/problems/flatten-binary-tree-to-linked-list,https://takeuforward.org/plus/dsa/problems/flatten-binary-tree-to-linked-list?tab=editorial,
14,Binary Search Trees [Concept and Problems],1,Concepts,1153,Introduction to BST,Easy,https://youtu.be/p7-9UvDQZ3w,,https://takeuforward.org/binary-search-tree/introduction-to-binary-search-trees/,https://takeuforward.org/plus/dsa/problems/introduction-to-bst,https://takeuforward.org/plus/dsa/problems/introduction-to-bst,
14,Binary Search Trees [Concept and Problems],1,Concepts,2780,Search in a Binary Search Tree,Easy,https://youtu.be/KcNt6v_56cc,https://leetcode.com/problems/search-in-a-binary-search-tree/,https://takeuforward.org/data-structure/search-in-a-binary-search-tree-2/,https://takeuforward.org/plus/dsa/problems/search-in-bst,https://takeuforward.org/plus/dsa/problems/search-in-bst?tab=editorial,
14,Binary Search Trees [Concept and Problems],1,Concepts,2398,Find Min/Max in BST,Easy,,,https://takeuforward.org/data-structure/find-minmax-in-a-bst,,,
14,Binary Search Trees [Concept and Problems],2,Practice Problems,107,Floor and Ceil in a BST,Easy,https://www.youtube.com/watch?v=xm_W1ub-K-w&list=PLgUwDviBIf0q8Hkd7bK2Bpryj2xVJk8Vk&index=43,,,https://takeuforward.org/plus/dsa/problems/floor-and-ceil-in-a-bst,https://takeuforward.org/plus/dsa/problems/floor-and-ceil-in-a-bst?tab=editorial,
14,Binary Search Trees [Concept and Problems],2,Practice Problems,2778,Floor in a Binary Search Tree,Easy,https://youtu.be/xm_W1ub-K-w,,https://takeuforward.org/binary-search-tree/floor-in-a-binary-search-tree/,https://takeuforward.org/plus/dsa/problems/floor-and-ceil-in-a-bst,https://takeuforward.org/plus/dsa/problems/floor-and-ceil-in-a-bst?tab=editorial,
14,Binary Search Trees [Concept and Problems],2,Practice Problems,104,Insert a given node in BST,Medium,https://youtu.be/FiFiNvM29ps,https://leetcode.com/problems/insert-into-a-binary-search-tree/,,https://takeuforward.org/plus/dsa/problems/insert-a-given-node-in-bst,https://takeuforward.org/plus/dsa/problems/insert-a-given-node-in-bst?tab=editorial,
14,Binary Search Trees [Concept and Problems],2,Practice Problems,102,Delete a node in BST,Medium,https://youtu.be/kouxiP_H5WE,https://leetcode.com/problems/delete-node-in-a-bst/,,https://takeuforward.org/plus/dsa/problems/delete-a-node-in-bst,https://takeuforward.org/plus/dsa/problems/delete-a-node-in-bst?tab=editorial,
14,Binary Search Trees [Concept and Problems],2,Practice Problems,105,Kth Smallest and Largest element in BST,Medium,https://youtu.be/9TJYWh0adfk,https://leetcode.com/problems/kth-smallest-element-in-a-bst/,https://takeuforward.org/data-structure/kth-largest-smallest-element-in-binary-search-tree/,https://takeuforward.org/plus/dsa/problems/kth-smallest-and-largest-element-in-bst,https://takeuforward.org/plus/dsa/problems/kth-smallest-and-largest-element-in-bst?tab=editorial,
14,Binary Search Trees [Concept and Problems],2,Practice Problems,100,Check if a tree is a BST or not,Medium,https://youtu.be/f-sj7I5oXEI,https://leetcode.com/problems/validate-binary-search-tree/,,https://takeuforward.org/plus/dsa/problems/check-if-a-tree-is-a-bst-or-not,https://takeuforward.org/plus/dsa/problems/check-if-a-tree-is-a-bst-or-not?tab=editorial,
14,Binary Search Trees [Concept and Problems],2,Practice Problems,106,LCA in BST,Medium,https://youtu.be/cX_kPV_foZc,https://leetcode.com/problems/lowest-common-ancestor-of-a-binary-search-tree/,,https://takeuforward.org/plus/dsa/problems/lca-in-bst,https://takeuforward.org/plus/dsa/problems/lca-in-bst?tab=editorial,
14,Binary Search Trees [Concept and Problems],2,Practice Problems,101,Construct a BST from a preorder traversal,Medium,https://youtu.be/UmJT3j26t1I,https://leetcode.com/problems/construct-binary-search-tree-from-preorder-traversal/,,https://takeuforward.org/plus/dsa/problems/construct-a-bst-from-a-preorder-traversal,https://takeuforward.org/plus/dsa/problems/construct-a-bst-from-a-preorder-traversal?tab=editorial,
14,Binary Search Trees [Concept and Problems],2,Practice Problems,2775,Inorder Successor/Predecessor in BST,Medium,https://youtu.be/SXKAD2svfmI,https://leetcode.com/problems/inorder-successor-in-bst/,https://takeuforward.org/data-structure/inorder-successorpredecessor-in-bst,https://takeuforward.org/plus/dsa/problems/inorder-successor-and-predecessor-in-bst,https://takeuforward.org/plus/dsa/problems/inorder-successor-and-predecessor-in-bst?tab=editorial,
14,Binary Search Trees [Concept and Problems],2,Practice Problems,2772,Merge 2 BST's,Hard,https://youtu.be/D2jMcmxU4bs,https://leetcode.com/problems/binary-search-tree-iterator/,https://takeuforward.org/data-structure/bst-iterator,https://takeuforward.org/plus/dsa/problems/bst-iterator,https://takeuforward.org/plus/dsa/problems/bst-iterator?tab=editorial,
14,Binary Search Trees [Concept and Problems],2,Practice Problems,2774,Two Sum In BST | Check if there exists a pair with Sum K,Hard,https://youtu.be/ssL3sHwPeb4,https://leetcode.com/problems/two-sum-iv-input-is-a-bst/,https://takeuforward.org/data-structure/two-sum-in-bst-check-if-there-exists-a-pair-with-sum-k,https://takeuforward.org/plus/dsa/problems/two-sum-in-bst,https://takeuforward.org/plus/dsa/problems/two-sum-in-bst?tab=editorial,
14,Binary Search Trees [Concept and Problems],2,Practice Problems,97,Correct BST with two nodes swapped,Hard,https://youtu.be/ZWGW7FminDM,https://leetcode.com/problems/recover-binary-search-tree/,,https://takeuforward.org/plus/dsa/problems/correct-bst-with-two-nodes-swapped,https://takeuforward.org/plus/dsa/problems/correct-bst-with-two-nodes-swapped?tab=editorial,
14,Binary Search Trees [Concept and Problems],2,Practice Problems,98,Largest BST in Binary Tree,Hard,https://youtu.be/X0oXMdtUDwo,https://leetcode.com/problems/maximum-sum-bst-in-binary-tree/,,https://takeuforward.org/plus/dsa/problems/largest-bst-in-binary-tree,https://takeuforward.org/plus/dsa/problems/largest-bst-in-binary-tree?tab=editorial,
15,Graphs [Concepts & Problems],1,Learning,1222,Introduction to Graph,Easy,https://youtu.be/3oI-34aPMWM,,https://takeuforward.org/data-structure/graph-representation-in-java,https://takeuforward.org/plus/dsa/problems/introduction-to-graph,https://takeuforward.org/plus/dsa/problems/introduction-to-graph?tab=editorial,
15,Graphs [Concepts & Problems],1,Learning,2870,Graph Representation | C++,Easy,https://youtu.be/3oI-34aPMWM,,https://takeuforward.org/graph/graph-representation-in-c/,https://takeuforward.org/plus/dsa/problems/introduction-to-graph,https://takeuforward.org/plus/dsa/problems/introduction-to-graph?tab=editorial,
15,Graphs [Concepts & Problems],1,Learning,2871,Graph Representation | Java,Easy,https://youtu.be/3oI-34aPMWM,,https://takeuforward.org/data-structure/graph-representation-in-java,https://takeuforward.org/plus/dsa/problems/introduction-to-graph,https://takeuforward.org/plus/dsa/problems/introduction-to-graph?tab=editorial,
15,Graphs [Concepts & Problems],1,Learning,528,Connected Components,Medium,,,https://takeuforward.org/data-structure/connected-components,https://takeuforward.org/plus/dsa/problems/connected-components,https://takeuforward.org/plus/dsa/problems/connected-components?tab=editorial,
15,Graphs [Concepts & Problems],1,Learning,529,Traversal Techniques,Medium,https://youtu.be/Qzf1a--rhp8,,https://takeuforward.org/data-structure/depth-first-search-dfs/,https://takeuforward.org/plus/dsa/problems/traversal-techniques,https://takeuforward.org/plus/dsa/problems/traversal-techniques?tab=editorial,
15,Graphs [Concepts & Problems],1,Learning,2831,DFS,Medium,https://youtu.be/Qzf1a--rhp8,,https://takeuforward.org/data-structure/depth-first-search-dfs/,https://takeuforward.org/plus/dsa/problems/traversal-techniques,https://takeuforward.org/plus/dsa/problems/traversal-techniques?tab=editorial,
15,Graphs [Concepts & Problems],2,Problems on BFS/DFS,535,Number of provinces,Medium,https://youtu.be/ACzkVtewUYA,"https://leetcode.com/problems/number-of-provinces/#:~:text=A%20province%20is%20a%20group,the%20total%20number%20of%20provinces.",https://takeuforward.org/data-structure/number-of-provinces/,https://takeuforward.org/plus/dsa/problems/number-of-provinces,https://takeuforward.org/plus/dsa/problems/number-of-provinces?tab=editorial,
15,Graphs [Concepts & Problems],2,Problems on BFS/DFS,2830,Connected Components Problem in Matrix,Medium,,,https://takeuforward.org/data-structure/connected-components,https://takeuforward.org/plus/dsa/problems/connected-components,https://takeuforward.org/plus/dsa/problems/connected-components?tab=editorial,
15,Graphs [Concepts & Problems],2,Problems on BFS/DFS,536,Rotten Oranges,Medium,https://www.youtube.com/watch?v=yf3oUhkvqA0,https://leetcode.com/problems/rotting-oranges/,https://takeuforward.org/data-structure/rotten-oranges-min-time-to-rot-all-oranges-bfs/,https://takeuforward.org/plus/dsa/problems/rotten-oranges,https://takeuforward.org/plus/dsa/problems/rotten-oranges?tab=editorial,
15,Graphs [Concepts & Problems],2,Problems on BFS/DFS,531,Flood fill algorithm,Medium,,https://leetcode.com/problems/flood-fill/,,https://takeuforward.org/plus/dsa/problems/flood-fill-algorithm,https://takeuforward.org/plus/dsa/problems/flood-fill-algorithm?tab=editorial,
15,Graphs [Concepts & Problems],2,Problems on BFS/DFS,2817,Cycle Detection in Undirected Graph (bfs),Hard,https://youtu.be/BPlrALf1LDU,,https://takeuforward.org/data-structure/detect-cycle-in-an-undirected-graph-using-bfs/,https://takeuforward.org/plus/dsa/problems/detect-a-cycle-in-an-undirected-graph,https://takeuforward.org/plus/dsa/problems/detect-a-cycle-in-an-undirected-graph?tab=editorial,
15,Graphs [Concepts & Problems],2,Problems on BFS/DFS,501,Detect a cycle in an undirected graph,Hard,https://youtu.be/zQ3zgFypzX4,https://leetcode.com/problems/course-schedule/,https://takeuforward.org/data-structure/detect-cycle-in-an-undirected-graph-using-dfs/,https://takeuforward.org/plus/dsa/problems/detect-a-cycle-in-an-undirected-graph,https://takeuforward.org/plus/dsa/problems/detect-a-cycle-in-an-undirected-graph?tab=editorial,
15,Graphs [Concepts & Problems],2,Problems on BFS/DFS,530,Distance of nearest cell having one,Medium,https://youtu.be/edXdVwkYHF8,https://leetcode.com/problems/01-matrix/,https://takeuforward.org/graph/distance-of-nearest-cell-having-1/,https://takeuforward.org/plus/dsa/problems/distance-of-nearest-cell-having-one,https://takeuforward.org/plus/dsa/problems/distance-of-nearest-cell-having-one?tab=editorial,
15,Graphs [Concepts & Problems],2,Problems on BFS/DFS,537,Surrounded Regions,Medium,https://youtu.be/BtdgAys4yMk,https://leetcode.com/problems/surrounded-regions/,https://takeuforward.org/graph/surrounded-regions-replace-os-with-xs/,https://takeuforward.org/plus/dsa/problems/surrounded-regions,https://takeuforward.org/plus/dsa/problems/surrounded-regions?tab=editorial,
15,Graphs [Concepts & Problems],2,Problems on BFS/DFS,533,Number of enclaves,Medium,https://youtu.be/rxKcepXQgU4,https://leetcode.com/problems/number-of-enclaves/,https://takeuforward.org/graph/number-of-enclaves/,https://takeuforward.org/plus/dsa/problems/number-of-enclaves,https://takeuforward.org/plus/dsa/problems/number-of-enclaves?tab=editorial,
15,Graphs [Concepts & Problems],2,Problems on BFS/DFS,509,Word ladder I,Hard,https://youtu.be/tRPda0rcf8E,https://leetcode.com/problems/word-ladder/,https://takeuforward.org/graph/word-ladder-i-g-29/,https://takeuforward.org/plus/dsa/problems/word-ladder-i,https://takeuforward.org/plus/dsa/problems/word-ladder-i?tab=editorial,
15,Graphs [Concepts & Problems],2,Problems on BFS/DFS,510,Word ladder II,Hard,https://youtu.be/AD4SFl7tu7I?si=EpcJQTWm2YeURvEG,https://leetcode.com/problems/word-ladder-ii/,https://takeuforward.org/graph/g-30-word-ladder-ii/,https://takeuforward.org/plus/dsa/problems/word-ladder-ii,https://takeuforward.org/plus/dsa/problems/word-ladder-ii?tab=editorial,
15,Graphs [Concepts & Problems],2,Problems on BFS/DFS,534,Number of islands,Medium,https://www.youtube.com/watch?v=muncqlKJrH0&list=PLgUwDviBIf0oE3gA41TKO2H5bHpPd7fzn&index=8,https://leetcode.com/problems/number-of-islands/,https://takeuforward.org/data-structure/number-of-distinct-islands/,https://takeuforward.org/plus/dsa/problems/number-of-islands,https://takeuforward.org/plus/dsa/problems/number-of-islands?tab=editorial,
15,Graphs [Concepts & Problems],2,Problems on BFS/DFS,2813,Bipartite Graph (DFS),Hard,https://youtu.be/KG5YFfR0j8A,https://leetcode.com/problems/is-graph-bipartite/,https://takeuforward.org/graph/bipartite-graph-dfs-implementation/,https://takeuforward.org/plus/dsa/problems/bipartite-graph,https://takeuforward.org/plus/dsa/problems/bipartite-graph?tab=editorial,
15,Graphs [Concepts & Problems],2,Problems on BFS/DFS,2814,Cycle Detection in Directed Graph (DFS),Hard,https://youtu.be/9twcmtQj4DU,https://leetcode.com/problems/course-schedule-ii/discuss/293048/detecting-cycle-in-directed-graph-problem,https://takeuforward.org/data-structure/detect-cycle-in-a-directed-graph-using-dfs-g-19/,https://takeuforward.org/plus/dsa/problems/detect-a-cycle-in-a-directed-graph,https://takeuforward.org/plus/dsa/problems/detect-a-cycle-in-a-directed-graph?tab=editorial,
15,Graphs [Concepts & Problems],3,Topo Sort and Problems,2822,Topo Sort,Hard,https://youtu.be/5lZ0iJMrUMk,,https://takeuforward.org/data-structure/topological-sort-algorithm-dfs-g-21/,https://takeuforward.org/plus/dsa/problems/topological-sort-or-kahns-algorithm,https://takeuforward.org/plus/dsa/problems/topological-sort-or-kahns-algorithm?tab=editorial,
15,Graphs [Concepts & Problems],3,Topo Sort and Problems,502,Topological sort or Kahn's algorithm,Hard,https://youtu.be/5lZ0iJMrUMk,,https://takeuforward.org/data-structure/topological-sort-algorithm-dfs-g-21/,https://takeuforward.org/plus/dsa/problems/topological-sort-or-kahns-algorithm,https://takeuforward.org/plus/dsa/problems/topological-sort-or-kahns-algorithm?tab=editorial,
15,Graphs [Concepts & Problems],3,Topo Sort and Problems,500,Detect a cycle in a directed graph,Hard,https://www.youtube.com/watch?v=uzVUw90ZFIg&list=PLgUwDviBIf0rGEWe64KWas0Nryn7SCRWw&index=12,https://leetcode.com/problems/course-schedule/,https://takeuforward.org/data-structure/detect-a-cycle-in-directed-graph-topological-sort-kahns-algorithm-g-23/,https://takeuforward.org/plus/dsa/problems/detect-a-cycle-in-a-directed-graph,https://takeuforward.org/plus/dsa/problems/detect-a-cycle-in-a-directed-graph?tab=editorial,
15,Graphs [Concepts & Problems],3,Topo Sort and Problems,504,Course Schedule I,Hard,https://youtu.be/WAOfKpxYHR8,https://leetcode.com/problems/course-schedule/,https://takeuforward.org/data-structure/course-schedule-i-and-ii-pre-requisite-tasks-topological-sort-g-24/,https://takeuforward.org/plus/dsa/problems/course-schedule-i,https://takeuforward.org/plus/dsa/problems/course-schedule-i?tab=editorial,
15,Graphs [Concepts & Problems],3,Topo Sort and Problems,505,Course Schedule II,Medium,https://youtu.be/WAOfKpxYHR8,https://leetcode.com/problems/course-schedule-ii/,https://takeuforward.org/data-structure/course-schedule-i-and-ii-pre-requisite-tasks-topological-sort-g-24/,https://takeuforward.org/plus/dsa/problems/course-schedule-ii,https://takeuforward.org/plus/dsa/problems/course-schedule-ii?tab=editorial,
15,Graphs [Concepts & Problems],3,Topo Sort and Problems,506,Find eventual safe states,Hard,https://youtu.be/2gtg3VsDGyc,https://leetcode.com/problems/find-eventual-safe-states/,https://takeuforward.org/data-structure/find-eventual-safe-states-bfs-topological-sort-g-25/,https://takeuforward.org/plus/dsa/problems/find-eventual-safe-states,https://takeuforward.org/plus/dsa/problems/find-eventual-safe-states?tab=editorial,
15,Graphs [Concepts & Problems],3,Topo Sort and Problems,503,Alien Dictionary,Hard,https://youtu.be/U3N_je7tWAs,https://leetcode.com/problems/alien-dictionary/solution/,https://takeuforward.org/data-structure/alien-dictionary-topological-sort-g-26/,https://takeuforward.org/plus/dsa/problems/alient-dictionary,https://takeuforward.org/plus/dsa/problems/alient-dictionary?tab=editorial,
15,Graphs [Concepts & Problems],4,Shortest Path Algorithms and Problems,508,Shortest path in undirected graph with unit weights,Hard,https://www.youtube.com/watch?v=C4gxoTaI71U&list=PLgUwDviBIf0oE3gA41TKO2H5bHpPd7fzn&index=28,,https://takeuforward.org/data-structure/shortest-path-in-undirected-graph-with-unit-distance-g-28/,https://takeuforward.org/plus/dsa/problems/shortest-path-in-undirected-graph-with-unit-weights,https://takeuforward.org/plus/dsa/problems/shortest-path-in-undirected-graph-with-unit-weights?tab=editorial,
15,Graphs [Concepts & Problems],4,Shortest Path Algorithms and Problems,507,Shortest path in DAG,Hard,https://www.youtube.com/watch?v=ZUFQfFaU-8U&list=PLgUwDviBIf0oE3gA41TKO2H5bHpPd7fzn&index=27,,https://takeuforward.org/data-structure/shortest-path-in-directed-acyclic-graph-topological-sort-g-27/,https://takeuforward.org/plus/dsa/problems/shortest-path-in-dag,https://takeuforward.org/plus/dsa/problems/shortest-path-in-dag?tab=editorial,
15,Graphs [Concepts & Problems],4,Shortest Path Algorithms and Problems,2827,Djisktra's Algorithm,Hard,https://www.youtube.com/watch?v=rp1SMw7HSO8&list=PLgUwDviBIf0oE3gA41TKO2H5bHpPd7fzn&index=35,,https://takeuforward.org/data-structure/dijkstras-algorithm-using-set-g-33/,https://takeuforward.org/plus/dsa/problems/dijkstra's-algorithm,https://takeuforward.org/plus/dsa/problems/dijkstra's-algorithm?tab=editorial,
15,Graphs [Concepts & Problems],4,Shortest Path Algorithms and Problems,2828,Why priority Queue is used in Djisktra's Algorithm,Hard,https://www.youtube.com/watch?v=rp1SMw7HSO8&list=PLgUwDviBIf0oE3gA41TKO2H5bHpPd7fzn&index=35,,https://takeuforward.org/data-structure/dijkstras-algorithm-using-priority-queue-g-32/,https://takeuforward.org/plus/dsa/problems/dijkstra's-algorithm,https://takeuforward.org/plus/dsa/problems/dijkstra's-algorithm?tab=editorial,
15,Graphs [Concepts & Problems],4,Shortest Path Algorithms and Problems,527,Shortest Distance in a Binary Maze,Hard,https://www.youtube.com/watch?v=U5Mw4eyUmw4&list=PLgUwDviBIf0oE3gA41TKO2H5bHpPd7fzn&index=36,https://leetcode.com/problems/shortest-path-in-binary-matrix/,https://takeuforward.org/data-structure/g-36-shortest-distance-in-a-binary-maze/,https://takeuforward.org/plus/dsa/problems/shortest-path-with-minimum-effort,https://takeuforward.org/plus/dsa/problems/shortest-path-with-minimum-effort?tab=editorial,
15,Graphs [Concepts & Problems],4,Shortest Path Algorithms and Problems,525,Path with minimum effort,Hard,https://youtu.be/0ytpZyiZFhA,https://leetcode.com/problems/path-with-minimum-effort/,https://takeuforward.org/data-structure/g-37-path-with-minimum-effort/,https://takeuforward.org/plus/dsa/problems/path-with-minimum-effort,https://takeuforward.org/plus/dsa/problems/path-with-minimum-effort?tab=editorial,
15,Graphs [Concepts & Problems],4,Shortest Path Algorithms and Problems,519,Cheapest flight within K stops,Hard,https://youtu.be/9XybHVqTHcQ,https://leetcode.com/problems/cheapest-flights-within-k-stops/,https://takeuforward.org/data-structure/g-38-cheapest-flights-within-k-stops/,https://takeuforward.org/plus/dsa/problems/cheapest-flight-within-k-stops,https://takeuforward.org/plus/dsa/problems/cheapest-flight-within-k-stops?tab=editorial,
15,Graphs [Concepts & Problems],4,Shortest Path Algorithms and Problems,764,Network Delay Time,Medium,,https://leetcode.com/problems/network-delay-time/,https://takeuforward.org/data-structure/network-delay-time,https://takeuforward.org/plus/dsa/problems/network-delay-time,https://takeuforward.org/plus/dsa/problems/network-delay-time?tab=editorial,
15,Graphs [Concepts & Problems],4,Shortest Path Algorithms and Problems,524,Number of ways to arrive at destination,Hard,https://youtu.be/_-0mx0SmYxA,https://leetcode.com/problems/number-of-ways-to-arrive-at-destination/,https://takeuforward.org/data-structure/g-40-number-of-ways-to-arrive-at-destination/,https://takeuforward.org/plus/dsa/problems/number-of-ways-to-arrive-at-destination,https://takeuforward.org/plus/dsa/problems/number-of-ways-to-arrive-at-destination?tab=editorial,
15,Graphs [Concepts & Problems],4,Shortest Path Algorithms and Problems,523,Minimum multiplications to reach end,Hard,https://www.youtube.com/watch?v=_BvEJ3VIDWw&list=PLgUwDviBIf0oE3gA41TKO2H5bHpPd7fzn&index=39,,https://takeuforward.org/graph/g-39-minimum-multiplications-to-reach-end/,https://takeuforward.org/plus/dsa/problems/minimum-multiplications-to-reach-end,https://takeuforward.org/plus/dsa/problems/minimum-multiplications-to-reach-end?tab=editorial,
15,Graphs [Concepts & Problems],4,Shortest Path Algorithms and Problems,2826,Bellman Ford Algorithm,Hard,https://youtu.be/0vVofAhAYjc,,https://takeuforward.org/data-structure/bellman-ford-algorithm-g-41/,https://takeuforward.org/plus/dsa/problems/bellman-ford-algorithm,https://takeuforward.org/plus/dsa/problems/bellman-ford-algorithm?tab=editorial,
15,Graphs [Concepts & Problems],4,Shortest Path Algorithms and Problems,522,Floyd warshall algorithm,Hard,https://www.youtube.com/watch?v=YbY8cVwWAvw&list=PLgUwDviBIf0oE3gA41TKO2H5bHpPd7fzn&index=42,,https://takeuforward.org/data-structure/floyd-warshall-algorithm-g-42/,https://takeuforward.org/plus/dsa/problems/floyd-warshall-algorithm,https://takeuforward.org/plus/dsa/problems/floyd-warshall-algorithm?tab=editorial,
15,Graphs [Concepts & Problems],4,Shortest Path Algorithms and Problems,521,Find the city with the smallest number of neighbors,Hard,https://youtu.be/9XybHVqTHcQ,https://leetcode.com/problems/find-the-city-with-the-smallest-number-of-neighbors-at-a-threshold-distance/,https://takeuforward.org/data-structure/find-the-city-with-the-smallest-number-of-neighbours-at-a-threshold-distance-g-43/,https://takeuforward.org/plus/dsa/problems/find-the-city-with-the-smallest-number-of-neighbors,https://takeuforward.org/plus/dsa/problems/find-the-city-with-the-smallest-number-of-neighbors?tab=editorial,
15,Graphs [Concepts & Problems],5,MinimumSpanningTree/Disjoint Set and Problems,1221,MST theory,Easy,https://youtu.be/ZSPjZuZWCME,,https://takeuforward.org/data-structure/minimum-spanning-tree-theory-g-44/,https://takeuforward.org/plus/dsa/problems/mst-theory,https://takeuforward.org/plus/dsa/problems/mst-theory?tab=editorial,
15,Graphs [Concepts & Problems],5,MinimumSpanningTree/Disjoint Set and Problems,2825,Prim's Algorithm,Hard,https://youtu.be/mJcZjjKzeqk,,https://takeuforward.org/data-structure/prims-algorithm-minimum-spanning-tree-c-and-java-g-45/,https://takeuforward.org/plus/dsa/problems/find-the-mst-weight,https://takeuforward.org/plus/dsa/problems/find-the-mst-weight?tab=editorial,
15,Graphs [Concepts & Problems],5,MinimumSpanningTree/Disjoint Set and Problems,516,Disjoint Set,Hard,https://youtu.be/aBxjDBC4M1U,,https://takeuforward.org/data-structure/disjoint-set-union-by-rank-union-by-size-path-compression-g-46/,https://takeuforward.org/plus/dsa/problems/disjoint-set-,https://takeuforward.org/plus/dsa/problems/disjoint-set-?tab=editorial,
15,Graphs [Concepts & Problems],5,MinimumSpanningTree/Disjoint Set and Problems,517,Find the MST weight,Hard,https://youtu.be/mJcZjjKzeqk,,https://takeuforward.org/data-structure/prims-algorithm-minimum-spanning-tree-c-and-java-g-45/,https://takeuforward.org/plus/dsa/problems/find-the-mst-weight,https://takeuforward.org/plus/dsa/problems/find-the-mst-weight?tab=editorial,
15,Graphs [Concepts & Problems],5,MinimumSpanningTree/Disjoint Set and Problems,515,Number of operations to make network connected,Hard,https://youtu.be/FYrl7iz9_ZU,https://leetcode.com/problems/number-of-operations-to-make-network-connected/,https://takeuforward.org/data-structure/number-of-operations-to-make-network-connected-dsu-g-49/,https://takeuforward.org/plus/dsa/problems/number-of-operations-to-make-network-connected,https://takeuforward.org/plus/dsa/problems/number-of-operations-to-make-network-connected?tab=editorial,
15,Graphs [Concepts & Problems],5,MinimumSpanningTree/Disjoint Set and Problems,513,Most stones removed with same row or column,Medium,https://youtu.be/OwMNX8SPavM,https://leetcode.com/problems/most-stones-removed-with-same-row-or-column/,https://takeuforward.org/data-structure/most-stones-removed-with-same-row-or-column-dsu-g-53/,https://takeuforward.org/plus/dsa/problems/most-stones-removed-with-same-row-or-column,https://takeuforward.org/plus/dsa/problems/most-stones-removed-with-same-row-or-column?tab=editorial,
15,Graphs [Concepts & Problems],5,MinimumSpanningTree/Disjoint Set and Problems,511,Accounts merge,Hard,https://youtu.be/FMwpt_aQOGw,https://leetcode.com/problems/accounts-merge/,https://takeuforward.org/data-structure/accounts-merge-dsu-g-50/,https://takeuforward.org/plus/dsa/problems/accounts-merge,https://takeuforward.org/plus/dsa/problems/accounts-merge?tab=editorial,
15,Graphs [Concepts & Problems],5,MinimumSpanningTree/Disjoint Set and Problems,514,Number of islands II,Hard,https://youtu.be/Rn6B-Q4SNyA,https://leetcode.com/problems/number-of-islands-ii/,https://takeuforward.org/graph/number-of-islands-ii-online-queries-dsu-g-51/,https://takeuforward.org/plus/dsa/problems/number-of-islands-ii,https://takeuforward.org/plus/dsa/problems/number-of-islands-ii?tab=editorial,
15,Graphs [Concepts & Problems],5,MinimumSpanningTree/Disjoint Set and Problems,512,Making a large island,Hard,https://youtu.be/lgiz0Oup6gM,https://leetcode.com/problems/making-a-large-island/,https://takeuforward.org/data-structure/making-a-large-island-dsu-g-52/,https://takeuforward.org/plus/dsa/problems/making-a-large-island,https://takeuforward.org/plus/dsa/problems/making-a-large-island?tab=editorial,
15,Graphs [Concepts & Problems],5,MinimumSpanningTree/Disjoint Set and Problems,1006,Swim in Rising Water,Medium,,https://leetcode.com/problems/swim-in-rising-water/,https://takeuforward.org/data-structure/swim-in-rising-water,https://takeuforward.org/plus/dsa/problems/swim-in-rising-water,https://takeuforward.org/plus/dsa/problems/swim-in-rising-water?tab=editorial,
15,Graphs [Concepts & Problems],6,Other Algorithms,497,Bridges in graph,Hard,https://youtu.be/qrAub5z8FeA,https://leetcode.com/problems/critical-connections-in-a-network/discuss/382385/find-bridges-in-a-graph,https://takeuforward.org/graph/bridges-in-graph-using-tarjans-algorithm-of-time-in-and-low-time-g-55/,https://takeuforward.org/plus/dsa/problems/bridges-in-graph,https://takeuforward.org/plus/dsa/problems/bridges-in-graph?tab=editorial,
15,Graphs [Concepts & Problems],6,Other Algorithms,496,Articulation point in graph,Hard,https://youtu.be/j1QDfU21iZk,,https://takeuforward.org/data-structure/articulation-point-in-graph-g-56/,https://takeuforward.org/plus/dsa/problems/articulation-point-in-graph,https://takeuforward.org/plus/dsa/problems/articulation-point-in-graph?tab=editorial,
15,Graphs [Concepts & Problems],6,Other Algorithms,498,Kosaraju's algorithm,Hard,https://www.youtube.com/watch?v=V8qIqJxCioo&list=PLgUwDviBIf0rGEWe64KWas0Nryn7SCRWw&index=27,https://leetcode.com/problems/maximum-number-of-non-overlapping-substrings/discuss/766485/kosaraju-algorithm-on,https://takeuforward.org/graph/strongly-connected-components-kosarajus-algorithm-g-54/,https://takeuforward.org/plus/dsa/problems/kosaraju's-algorithm,https://takeuforward.org/plus/dsa/problems/kosaraju's-algorithm?tab=editorial,
16,Dynamic Programming [Patterns and Problems],1,Introduction to DP,1195,Introduction to DP,Easy,https://youtu.be/tyB0ztf0DNY,,https://takeuforward.org/data-structure/dynamic-programming-introduction/,https://takeuforward.org/plus/dsa/problems/introduction-to-dp,https://takeuforward.org/plus/dsa/problems/introduction-to-dp,
16,Dynamic Programming [Patterns and Problems],2,1D DP,287,Climbing stairs,Medium,https://youtu.be/mLfjzJsN8us,https://leetcode.com/problems/climbing-stairs/,https://takeuforward.org/data-structure/dynamic-programming-climbing-stairs/,https://takeuforward.org/plus/dsa/problems/climbing-stairs,https://takeuforward.org/plus/dsa/problems/climbing-stairs?tab=editorial,
16,Dynamic Programming [Patterns and Problems],2,1D DP,288,Frog Jump,Medium,https://www.youtube.com/watch?v=EgG3jsGoPvQ,,https://takeuforward.org/data-structure/dynamic-programming-frog-jump-dp-3/,https://takeuforward.org/plus/dsa/problems/frog-jump,https://takeuforward.org/plus/dsa/problems/frog-jump?tab=editorial,
16,Dynamic Programming [Patterns and Problems],2,1D DP,289,Frog jump with K distances,Medium,https://www.youtube.com/watch?v=Kmh3rhyEtB8,,https://takeuforward.org/data-structure/dynamic-programming-frog-jump-with-k-distances-dp-4/,https://takeuforward.org/plus/dsa/problems/frog-jump-with-k-distances,https://takeuforward.org/plus/dsa/problems/frog-jump-with-k-distances?tab=editorial,
16,Dynamic Programming [Patterns and Problems],2,1D DP,291,Maximum sum of non adjacent elements,Medium,https://www.youtube.com/watch?v=GrMBfJNk_NY,https://leetcode.com/problems/house-robber/,https://takeuforward.org/data-structure/maximum-sum-of-non-adjacent-elements-dp-5/,https://takeuforward.org/plus/dsa/problems/maximum-sum-of-non-adjacent-elements,https://takeuforward.org/plus/dsa/problems/maximum-sum-of-non-adjacent-elements?tab=editorial,
16,Dynamic Programming [Patterns and Problems],2,1D DP,290,House robber,Medium,https://www.youtube.com/watch?v=3WaxQMELSkw,https://leetcode.com/problems/house-robber-ii/,https://takeuforward.org/data-structure/dynamic-programming-house-robber-dp-6/,https://takeuforward.org/plus/dsa/problems/house-robber,https://takeuforward.org/plus/dsa/problems/house-robber?tab=editorial,
16,Dynamic Programming [Patterns and Problems],3,2D/3D DP and DP on Grids,292,Ninja's training,Medium,https://www.youtube.com/watch?v=AE39gJYuRog,,https://takeuforward.org/data-structure/dynamic-programming-ninjas-training-dp-7/,https://takeuforward.org/plus/dsa/problems/ninja's-training,https://takeuforward.org/plus/dsa/problems/ninja's-training?tab=editorial,
16,Dynamic Programming [Patterns and Problems],3,2D/3D DP and DP on Grids,2795,Grid Unique Paths : DP on Grids (DP8),Medium,https://www.youtube.com/watch?v=sdE0A2Oxofw,https://leetcode.com/problems/unique-paths/,https://takeuforward.org/data-structure/grid-unique-paths-dp-on-grids-dp8/,https://takeuforward.org/plus/dsa/problems/grid-unique-paths,https://takeuforward.org/plus/dsa/problems/grid-unique-paths?tab=editorial,
16,Dynamic Programming [Patterns and Problems],3,2D/3D DP and DP on Grids,300,Unique paths II,Medium,https://www.youtube.com/watch?v=TmhpgXScLyY,https://leetcode.com/problems/unique-paths-ii/,https://takeuforward.org/data-structure/grid-unique-paths-2-dp-9/,https://takeuforward.org/plus/dsa/problems/unique-paths-ii,https://takeuforward.org/plus/dsa/problems/unique-paths-ii?tab=editorial,
16,Dynamic Programming [Patterns and Problems],3,2D/3D DP and DP on Grids,298,Minimum Falling Path Sum,Medium,https://youtu.be/_rgTlyky1uQ,https://leetcode.com/problems/minimum-path-sum/,https://takeuforward.org/data-structure/minimum-path-sum-in-a-grid-dp-10/,https://takeuforward.org/plus/dsa/problems/minimum-falling-path-sum,https://takeuforward.org/plus/dsa/problems/minimum-falling-path-sum?tab=editorial,
16,Dynamic Programming [Patterns and Problems],3,2D/3D DP and DP on Grids,299,Triangle,Medium,https://www.youtube.com/watch?v=SrP-PiLSYC0,https://leetcode.com/problems/triangle/,https://takeuforward.org/data-structure/minimum-path-sum-in-triangular-grid-dp-11/,https://takeuforward.org/plus/dsa/problems/triangle,https://takeuforward.org/plus/dsa/problems/triangle?tab=editorial,
16,Dynamic Programming [Patterns and Problems],3,2D/3D DP and DP on Grids,769,Ninja and his Friends,Medium,https://www.youtube.com/watch?v=QGfn7JeXK54,,https://takeuforward.org/data-structure/3-d-dp-ninja-and-his-friends-dp-13/,https://takeuforward.org/plus/dsa/problems/ninja-and-his-friends,https://takeuforward.org/plus/dsa/problems/ninja-and-his-friends?tab=editorial,
16,Dynamic Programming [Patterns and Problems],4,DP on Subsequences,2804,Subset sum equal to target (DP- 14),Hard,https://www.youtube.com/watch?v=fWX9xDmIzRI,,https://takeuforward.org/data-structure/subset-sum-equal-to-target-dp-14/,https://takeuforward.org/plus/dsa/problems/subset-sum-equals-to-target,https://takeuforward.org/plus/dsa/problems/subset-sum-equals-to-target?tab=editorial,
16,Dynamic Programming [Patterns and Problems],4,DP on Subsequences,321,Partition equal subset sum,Hard,https://www.youtube.com/watch?v=7win3dcgo3k,https://leetcode.com/problems/partition-equal-subset-sum/,https://takeuforward.org/data-structure/partition-equal-subset-sum-dp-15/,https://takeuforward.org/plus/dsa/problems/partition-equal-subset-sum,https://takeuforward.org/plus/dsa/problems/partition-equal-subset-sum?tab=editorial,
16,Dynamic Programming [Patterns and Problems],4,DP on Subsequences,320,Partition a set into two subsets with minimum absolute sum difference,Hard,https://www.youtube.com/watch?v=GS_OqZb2CWc,https://leetcode.com/problems/partition-array-into-two-arrays-to-minimize-sum-difference/,https://takeuforward.org/data-structure/partition-set-into-2-subsets-with-min-absolute-sum-diff-dp-16/,https://takeuforward.org/plus/dsa/problems/partition-a-set-into-two-subsets-with-minimum-absolute-sum-difference,https://takeuforward.org/plus/dsa/problems/partition-a-set-into-two-subsets-with-minimum-absolute-sum-difference?tab=editorial,
16,Dynamic Programming [Patterns and Problems],4,DP on Subsequences,318,Count subsets with sum K,Hard,https://www.youtube.com/watch?v=ZHyb-A2Mte4,,https://takeuforward.org/data-structure/count-subsets-with-sum-k-dp-17/,https://takeuforward.org/plus/dsa/problems/count-subsets-with-sum-k,https://takeuforward.org/plus/dsa/problems/count-subsets-with-sum-k?tab=editorial,
16,Dynamic Programming [Patterns and Problems],4,DP on Subsequences,317,Count partitions with given difference,Hard,https://www.youtube.com/watch?v=zoilQD1kYSg,,https://takeuforward.org/data-structure/count-partitions-with-given-difference-dp-18/,https://takeuforward.org/plus/dsa/problems/count-partitions-with-given-difference,https://takeuforward.org/plus/dsa/problems/count-partitions-with-given-difference?tab=editorial,
16,Dynamic Programming [Patterns and Problems],4,DP on Subsequences,541,Assign Cookies,Easy,https://youtu.be/DIX2p7vb9co?si=GofAIDimue-Av0Fi,https://leetcode.com/problems/assign-cookies/,https://takeuforward.org/data-structure/assign-cookies,https://takeuforward.org/plus/dsa/problems/assign-cookies,https://takeuforward.org/plus/dsa/problems/assign-cookies?tab=editorial,
16,Dynamic Programming [Patterns and Problems],4,DP on Subsequences,2802,Minimum Coins (DP - 20),Hard,https://www.youtube.com/watch?v=myPeWb3Y68A,https://leetcode.com/problems/coin-change/,https://takeuforward.org/data-structure/minimum-coins-dp-20/,https://takeuforward.org/plus/dsa/problems/minimum-coins,https://takeuforward.org/plus/dsa/problems/minimum-coins?tab=editorial,
16,Dynamic Programming [Patterns and Problems],4,DP on Subsequences,324,Target sum,Hard,https://www.youtube.com/watch?v=b3GD8263-PQ,https://leetcode.com/problems/target-sum/,https://takeuforward.org/data-structure/target-sum-dp-21/,https://takeuforward.org/plus/dsa/problems/target-sum,https://takeuforward.org/plus/dsa/problems/target-sum?tab=editorial,
16,Dynamic Programming [Patterns and Problems],4,DP on Subsequences,2801,Coin Change 2 (DP - 22),Hard,https://www.youtube.com/watch?v=HgyouUi11zk,https://leetcode.com/problems/coin-change-2/,https://takeuforward.org/data-structure/coin-change-2-dp-22/,https://takeuforward.org/plus/dsa/problems/coin-change-ii,https://takeuforward.org/plus/dsa/problems/coin-change-ii?tab=editorial,
16,Dynamic Programming [Patterns and Problems],4,DP on Subsequences,325,Unbounded knapsack,Hard,https://youtu.be/OgvOZ6OrJoY,,https://takeuforward.org/data-structure/unbounded-knapsack-dp-23/,https://takeuforward.org/plus/dsa/problems/unbounded-knapsack,https://takeuforward.org/plus/dsa/problems/unbounded-knapsack?tab=editorial,
16,Dynamic Programming [Patterns and Problems],4,DP on Subsequences,2803,Rod Cutting Problem | (DP - 24),Hard,https://youtu.be/mO8XpGoJwuo,,https://takeuforward.org/data-structure/rod-cutting-problem-dp-24/,https://takeuforward.org/plus/dsa/problems/rod-cutting-problem,https://takeuforward.org/plus/dsa/problems/rod-cutting-problem?tab=editorial,
16,Dynamic Programming [Patterns and Problems],5,DP on Strings,308,Longest common subsequence,Hard,https://youtu.be/-zI4mrF2Pb4,,https://takeuforward.org/data-structure/print-longest-common-subsequence-dp-26/,https://takeuforward.org/plus/dsa/problems/longest-common-subsequence,https://takeuforward.org/plus/dsa/problems/longest-common-subsequence?tab=editorial,
16,Dynamic Programming [Patterns and Problems],5,DP on Strings,2799,Print Longest Common Subsequence | (DP - 26),hard,https://youtu.be/-zI4mrF2Pb4,,https://takeuforward.org/data-structure/print-longest-common-subsequence-dp-26/,https://takeuforward.org/plus/dsa/problems/longest-common-subsequence,https://takeuforward.org/plus/dsa/problems/longest-common-subsequence?tab=editorial,
16,Dynamic Programming [Patterns and Problems],5,DP on Strings,309,Longest common substring,Hard,https://youtu.be/_wP9mWNPL5w,,https://takeuforward.org/data-structure/longest-common-substring-dp-27/,https://takeuforward.org/plus/dsa/problems/longest-common-substring,https://takeuforward.org/plus/dsa/problems/longest-common-substring?tab=editorial,
16,Dynamic Programming [Patterns and Problems],5,DP on Strings,310,Longest palindromic subsequence,Hard,https://youtu.be/6i_T5kkfv4A,https://leetcode.com/problems/longest-palindromic-subsequence/,https://takeuforward.org/data-structure/longest-palindromic-subsequence-dp-28/,https://takeuforward.org/plus/dsa/problems/longest-palindromic-subsequence,https://takeuforward.org/plus/dsa/problems/longest-palindromic-subsequence?tab=editorial,
16,Dynamic Programming [Patterns and Problems],5,DP on Strings,2800,Minimum insertions to make string palindrome | DP-29,Hard,https://www.youtube.com/watch?v=xPBLEj41rFU,https://leetcode.com/problems/minimum-insertion-steps-to-make-a-string-palindrome/,https://takeuforward.org/data-structure/minimum-insertions-to-make-string-palindrome-dp-29/,https://takeuforward.org/plus/dsa/problems/minimum-insertions-to-make-string-palindrome,https://takeuforward.org/plus/dsa/problems/minimum-insertions-to-make-string-palindrome?tab=editorial,
16,Dynamic Programming [Patterns and Problems],5,DP on Strings,311,Minimum insertions or deletions to convert string A to B,Hard,https://www.youtube.com/watch?v=yMnH0jrir0Q,https://leetcode.com/problems/delete-operation-for-two-strings/,https://takeuforward.org/data-structure/minimum-insertions-deletions-to-convert-string-dp-30/,https://takeuforward.org/plus/dsa/problems/minimum-insertions-or-deletions-to-convert-string-a-to-b,https://takeuforward.org/plus/dsa/problems/minimum-insertions-or-deletions-to-convert-string-a-to-b?tab=editorial,
16,Dynamic Programming [Patterns and Problems],5,DP on Strings,313,Shortest common supersequence,Hard,https://youtu.be/xElxAuBcvsU,https://leetcode.com/problems/shortest-common-supersequence/,https://takeuforward.org/data-structure/shortest-common-supersequence-dp-31/,https://takeuforward.org/plus/dsa/problems/shortest-common-supersequence,https://takeuforward.org/plus/dsa/problems/shortest-common-supersequence?tab=editorial,
16,Dynamic Programming [Patterns and Problems],5,DP on Strings,306,Distinct subsequences,Hard,https://youtu.be/nVG7eTiD2bY,https://leetcode.com/problems/distinct-subsequences/,https://takeuforward.org/data-structure/distinct-subsequences-dp-32/,https://takeuforward.org/plus/dsa/problems/distinct-subsequences,https://takeuforward.org/plus/dsa/problems/distinct-subsequences?tab=editorial,
16,Dynamic Programming [Patterns and Problems],5,DP on Strings,307,Edit distance,Hard,https://youtu.be/fJaKO8FbDdo,https://leetcode.com/problems/edit-distance/,https://takeuforward.org/data-structure/edit-distance-dp-33/,https://takeuforward.org/plus/dsa/problems/edit-distance,https://takeuforward.org/plus/dsa/problems/edit-distance?tab=editorial,
16,Dynamic Programming [Patterns and Problems],5,DP on Strings,314,Wildcard matching,Hard,https://youtu.be/ZmlQ3vgAOMo,https://leetcode.com/problems/wildcard-matching/,https://takeuforward.org/data-structure/wildcard-matching-dp-34/,https://takeuforward.org/plus/dsa/problems/wildcard-matching,https://takeuforward.org/plus/dsa/problems/wildcard-matching?tab=editorial,
16,Dynamic Programming [Patterns and Problems],6,DP on Stocks,301,Best time to buy and sell stock,Medium,https://youtu.be/excAOvwF_Wk,https://leetcode.com/problems/best-time-to-buy-and-sell-stock/,https://takeuforward.org/data-structure/stock-buy-and-sell/,https://takeuforward.org/plus/dsa/problems/best-time-to-buy-and-sell-stock,https://takeuforward.org/plus/dsa/problems/best-time-to-buy-and-sell-stock?tab=editorial,
16,Dynamic Programming [Patterns and Problems],6,DP on Stocks,302,Best time to buy and sell stock II,Medium,https://youtu.be/nGJmxkUJQGs,https://leetcode.com/problems/best-time-to-buy-and-sell-stock-ii/,https://takeuforward.org/data-structure/buy-and-sell-stock-ii-dp-36/,https://takeuforward.org/plus/dsa/problems/best-time-to-buy-and-sell-stock-ii,https://takeuforward.org/plus/dsa/problems/best-time-to-buy-and-sell-stock-ii?tab=editorial,
16,Dynamic Programming [Patterns and Problems],6,DP on Stocks,303,Best time to buy and sell stock III,Medium,https://youtu.be/-uQGzhYj8BQ,https://leetcode.com/problems/best-time-to-buy-and-sell-stock-iii/description/,https://takeuforward.org/data-structure/buy-and-sell-stock-iii-dp-37/,https://takeuforward.org/plus/dsa/problems/best-time-to-buy-and-sell-stock-iii,https://takeuforward.org/plus/dsa/problems/best-time-to-buy-and-sell-stock-iii?tab=editorial,
16,Dynamic Programming [Patterns and Problems],6,DP on Stocks,304,Best time to buy and sell stock IV,Medium,https://youtu.be/IV1dHbk5CDc,https://leetcode.com/problems/best-time-to-buy-and-sell-stock-iv/,https://takeuforward.org/data-structure/buy-and-sell-stock-iv-dp-38/,https://takeuforward.org/plus/dsa/problems/best-time-to-buy-and-sell-stock-iv,https://takeuforward.org/plus/dsa/problems/best-time-to-buy-and-sell-stock-iv?tab=editorial,
16,Dynamic Programming [Patterns and Problems],6,DP on Stocks,56,Best Time to Buy and Sell Stock with Cooldown,Medium,https://youtu.be/IGIe46xw3YY,https://leetcode.com/problems/best-time-to-buy-and-sell-stock-with-cooldown/,https://takeuforward.org/data-structure/buy-and-sell-stocks-with-cooldown-dp-39/,https://takeuforward.org/plus/dsa/problems/best-time-to-buy-and-sell-stock-with-cooldown,,
16,Dynamic Programming [Patterns and Problems],6,DP on Stocks,305,Best time to buy and sell stock with transaction fees,Medium,https://youtu.be/k4eK-vEmnKg,https://leetcode.com/problems/best-time-to-buy-and-sell-stock-with-transaction-fee/,https://takeuforward.org/data-structure/buy-and-sell-stocks-with-transaction-fees-dp-40/,https://takeuforward.org/plus/dsa/problems/best-time-to-buy-and-sell-stock-with-cooldown-and-transaction-fees,https://takeuforward.org/plus/dsa/problems/best-time-to-buy-and-sell-stock-with-cooldown-and-transaction-fees?tab=editorial,
16,Dynamic Programming [Patterns and Problems],7,DP on LIS,636,Longest Increasing Subsequence,Medium,https://youtu.be/on2hvxBXJH4,,https://takeuforward.org/data-structure/longest-increasing-subsequence-binary-search-dp-43/,https://takeuforward.org/plus/dsa/problems/longest-increasing-subsequence,https://takeuforward.org/plus/dsa/problems/longest-increasing-subsequence?tab=editorial,
16,Dynamic Programming [Patterns and Problems],7,DP on LIS,851,Print Longest Increasing Subsequence,Medium,https://youtu.be/IFfYfonAFGc,,https://takeuforward.org/data-structure/printing-longest-increasing-subsequence-dp-42/,https://takeuforward.org/plus/dsa/problems/print-longest-increasing-subsequence,https://takeuforward.org/plus/dsa/problems/print-longest-increasing-subsequence?tab=editorial,
16,Dynamic Programming [Patterns and Problems],7,DP on LIS,2851,Longest Increasing Subsequence |(DP-43),Medium,https://youtu.be/on2hvxBXJH4,,https://takeuforward.org/data-structure/longest-increasing-subsequence-binary-search-dp-43/,https://takeuforward.org/plus/dsa/problems/longest-increasing-subsequence,https://takeuforward.org/plus/dsa/problems/longest-increasing-subsequence?tab=editorial,
16,Dynamic Programming [Patterns and Problems],7,DP on LIS,603,Largest Divisible Subset,Medium,https://youtu.be/gDuZwBW9VvM,https://leetcode.com/problems/largest-divisible-subset/,https://takeuforward.org/data-structure/longest-divisible-subset-dp-44/,https://takeuforward.org/plus/dsa/problems/largest-divisible-subset,https://takeuforward.org/plus/dsa/problems/largest-divisible-subset?tab=editorial,
16,Dynamic Programming [Patterns and Problems],7,DP on LIS,640,Longest String Chain,Medium,https://youtu.be/YY8iBaYcc4g,https://leetcode.com/problems/longest-string-chain/,https://takeuforward.org/data-structure/longest-string-chain-dp-45/,https://takeuforward.org/plus/dsa/problems/longest-string-chain,https://takeuforward.org/plus/dsa/problems/longest-string-chain?tab=editorial,
16,Dynamic Programming [Patterns and Problems],7,DP on LIS,633,Longest Bitonic Subsequence,Medium,https://youtu.be/y4vN0WNdrlg,,https://takeuforward.org/data-structure/longest-bitonic-subsequence-dp-46/,https://takeuforward.org/plus/dsa/problems/longest-bitonic-subsequence,https://takeuforward.org/plus/dsa/problems/longest-bitonic-subsequence?tab=editorial,
16,Dynamic Programming [Patterns and Problems],7,DP on LIS,780,Number of Longest Increasing Subsequences,Medium,https://youtu.be/cKVl1TFdNXg,https://leetcode.com/problems/number-of-longest-increasing-subsequence/,https://takeuforward.org/data-structure/number-of-longest-increasing-subsequences-dp-47/,https://takeuforward.org/plus/dsa/problems/number-of-longest-increasing-subsequences,https://takeuforward.org/plus/dsa/problems/number-of-longest-increasing-subsequences?tab=editorial,
16,Dynamic Programming [Patterns and Problems],8,MCM DP | Partition DP,327,Matrix chain multiplication,Hard,https://youtu.be/vRVfmbCFW7Y,,https://takeuforward.org/dynamic-programming/matrix-chain-multiplication-dp-48/,https://takeuforward.org/plus/dsa/problems/matrix-chain-multiplication,https://takeuforward.org/plus/dsa/problems/matrix-chain-multiplication?tab=editorial,
16,Dynamic Programming [Patterns and Problems],8,MCM DP | Partition DP,2806,Matrix Chain Multiplication | Bottom-Up|(DP-49),Hard,https://youtu.be/pDCXsbAw5Cg,,https://takeuforward.org/data-structure/matrix-chain-multiplication-tabulation-method-dp-49/,https://takeuforward.org/plus/dsa/problems/matrix-chain-multiplication,https://takeuforward.org/plus/dsa/problems/matrix-chain-multiplication?tab=editorial,
16,Dynamic Programming [Patterns and Problems],8,MCM DP | Partition DP,328,Minimum cost to cut the stick,Hard,https://youtu.be/xwomavsC86c,https://leetcode.com/problems/minimum-cost-to-cut-a-stick/,https://takeuforward.org/data-structure/minimum-cost-to-cut-the-stick-dp-50/,https://takeuforward.org/plus/dsa/problems/minimum-cost-to-cut-the-stick,https://takeuforward.org/plus/dsa/problems/minimum-cost-to-cut-the-stick?tab=editorial,
16,Dynamic Programming [Patterns and Problems],8,MCM DP | Partition DP,326,Burst balloons,Hard,https://youtu.be/Yz4LlDSlkns,https://leetcode.com/problems/burst-balloons/,https://takeuforward.org/data-structure/burst-balloons-partition-dp-dp-51/,https://takeuforward.org/plus/dsa/problems/burst-balloons,https://takeuforward.org/plus/dsa/problems/burst-balloons?tab=editorial,
16,Dynamic Programming [Patterns and Problems],8,MCM DP | Partition DP,276,Different Ways to Evaluate a Boolean Expression,Medium,https://youtu.be/MM7fXopgyjw,https://leetcode.com/problems/parsing-a-boolean-expression/,https://takeuforward.org/data-structure/evaluate-boolean-expression-to-true-partition-dp-dp-52/,https://takeuforward.org/plus/dsa/problems/different-ways-to-evaluate-a-boolean-expression,https://takeuforward.org/plus/dsa/problems/different-ways-to-evaluate-a-boolean-expression?tab=editorial,
16,Dynamic Programming [Patterns and Problems],8,MCM DP | Partition DP,329,Palindrome partitioning II,Hard,https://youtu.be/_H8V5hJUGd0,https://leetcode.com/problems/palindrome-partitioning-ii/,https://takeuforward.org/data-structure/palindrome-partitioning-ii-front-partition-dp-53/,https://takeuforward.org/plus/dsa/problems/palindrome-partitioning-ii-,https://takeuforward.org/plus/dsa/problems/palindrome-partitioning-ii-?tab=editorial,
16,Dynamic Programming [Patterns and Problems],8,MCM DP | Partition DP,810,Partition Array for Maximum Sum,Medium,https://youtu.be/PhWWJmaKfMc,https://leetcode.com/problems/partition-array-for-maximum-sum/,https://takeuforward.org/data-structure/partition-array-for-maximum-sum-front-partition-dp-54/,https://takeuforward.org/plus/dsa/problems/partition-array-for-maximum-sum,,
16,Dynamic Programming [Patterns and Problems],9,DP on Squares,2860,Maximum Rectangle Area with all 1's|(DP-55),Hard,https://youtu.be/tOylVCugy9k,https://leetcode.com/problems/maximal-rectangle/,https://takeuforward.org/data-structure/maximum-rectangle-area-with-all-1s-dp-on-rectangles-dp-55/,https://takeuforward.org/plus/dsa/problems/maximum-rectangles,https://takeuforward.org/plus/dsa/problems/maximum-rectangles?tab=editorial,
16,Dynamic Programming [Patterns and Problems],9,DP on Squares,2395,Count Square Submatrices with All Ones|(DP-56),Easy,https://youtu.be/auS1fynpnjo,https://leetcode.com/problems/count-square-submatrices-with-all-ones/,https://takeuforward.org/data-structure/count-square-submatrices-with-all-1s-dp-on-rectangles-dp-56/,,,
17,Tries,1,Theory,1028,Trie Implementation and Operations,Hard,https://www.youtube.com/watch?v=dBGUmUQhjaM&list=PLgUwDviBIf0pcIDCZnxhv0LkHf5KzG9zp,https://leetcode.com/problems/implement-trie-prefix-tree/,https://takeuforward.org/data-structure/implement-trie-1/,https://takeuforward.org/plus/dsa/problems/trie-implementation-and-operations,https://takeuforward.org/plus/dsa/problems/trie-implementation-and-operations?tab=editorial,
17,Tries,2,Problems,1027,Trie Implementation and Advanced Operations,Hard,,,https://takeuforward.org/data-structure/implement-trie-ii/,https://takeuforward.org/plus/dsa/problems/trie-implementation-and-advanced-operations,https://takeuforward.org/plus/dsa/problems/trie-implementation-and-advanced-operations?tab=editorial,
17,Tries,2,Problems,1023,Longest Word with All Prefixes,Medium,https://www.youtube.com/watch?v=AWnBa91lThI&list=PLgUwDviBIf0pcIDCZnxhv0LkHf5KzG9zp&index=3,,,https://takeuforward.org/plus/dsa/problems/longest-word-with-all-prefixes,https://takeuforward.org/plus/dsa/problems/longest-word-with-all-prefixes?tab=editorial,
17,Tries,2,Problems,1026,Number of distinct substrings in a string,Medium,https://www.youtube.com/watch?v=RV0QeTyHZxo&list=PLgUwDviBIf0pcIDCZnxhv0LkHf5KzG9zp&index=4,,https://takeuforward.org/data-structure/number-of-distinct-substrings-in-a-string-using-trie/,https://takeuforward.org/plus/dsa/problems/number-of-distinct-substrings-in-a-string,https://takeuforward.org/plus/dsa/problems/number-of-distinct-substrings-in-a-string?tab=editorial,
17,Tries,2,Problems,2390,Bit PreRequisites for TRIE Problems,Easy,https://youtu.be/5iyuU4hQFrw,,,,,
17,Tries,2,Problems,1024,Maximum XOR of two numbers in an array,Hard,https://www.youtube.com/watch?v=EIhAwfHubE8&list=PLgUwDviBIf0pcIDCZnxhv0LkHf5KzG9zp&index=6,https://leetcode.com/problems/maximum-xor-of-two-numbers-in-an-array/,https://takeuforward.org/data-structure/maximum-xor-of-two-numbers-in-an-array/,https://takeuforward.org/plus/dsa/problems/maximum-xor-of-two-numbers-in-an-array,https://takeuforward.org/plus/dsa/problems/maximum-xor-of-two-numbers-in-an-array?tab=editorial,
17,Tries,2,Problems,1025,Maximum Xor with an element from an array,Hard,https://www.youtube.com/watch?v=Q8LhG9Pi5KM&list=PLgUwDviBIf0pcIDCZnxhv0LkHf5KzG9zp&index=7,https://leetcode.com/problems/maximum-xor-with-an-element-from-array/,https://takeuforward.org/trie/maximum-xor-queries-trie/,https://takeuforward.org/plus/dsa/problems/maximum-xor-with-an-element-from-an-array,https://takeuforward.org/plus/dsa/problems/maximum-xor-with-an-element-from-an-array?tab=editorial,
18,Strings,1,Hard Problems,983,Minimum number of bracket reversals to make an expression balanced,Hard,,https://leetcode.com/problems/minimum-add-to-make-parentheses-valid/,https://takeuforward.org/data-structure/minimum-number-of-bracket-reversals-needed-to-make-an-expression-balanced,https://takeuforward.org/plus/dsa/problems/minimum-number-of-bracket-reversals-to-make-an-expression-balanced,https://takeuforward.org/plus/dsa/problems/minimum-number-of-bracket-reversals-to-make-an-expression-balanced?tab=editorial,
18,Strings,1,Hard Problems,982,Count and say,Hard,,https://leetcode.com/problems/count-and-say/,https://takeuforward.org/data-structure/count-and-say,https://takeuforward.org/plus/dsa/problems/count-and-say,https://takeuforward.org/plus/dsa/problems/count-and-say?tab=editorial,
18,Strings,1,Hard Problems,2399,Hashing In Strings | Theory,Easy,,,https://takeuforward.org/data-structure/hashing-in-strings,,,
18,Strings,1,Hard Problems,979,Rabin Karp Algorithm,Hard,,https://leetcode.com/problems/repeated-string-match/discuss/416144/Rabin-Karp-algorithm-C%2B%2B-implementation,,https://takeuforward.org/plus/dsa/problems/rabin-karp-algorithm,https://takeuforward.org/plus/dsa/problems/rabin-karp-algorithm?tab=editorial,
18,Strings,1,Hard Problems,981,Z function,Hard,,,,,,
18,Strings,1,Hard Problems,977,KMP Algorithm or LPS array,Hard,,https://leetcode.com/problems/implement-strstr/,https://takeuforward.org/data-structure/kmp-algorithm-or-lps-array,https://takeuforward.org/plus/dsa/problems/kmp-algorithm-or-lps-array,https://takeuforward.org/plus/dsa/problems/kmp-algorithm-or-lps-array?tab=editorial,
18,Strings,1,Hard Problems,980,Shortest Palindrome,Hard,,,,,,
18,Strings,1,Hard Problems,978,Longest happy prefix,Hard,,https://leetcode.com/problems/longest-happy-prefix/,https://takeuforward.org/data-structure/longest-happy-prefix,https://takeuforward.org/plus/dsa/problems/longest-happy-prefix,https://takeuforward.org/plus/dsa/problems/longest-happy-prefix?tab=editorial,
18,Strings,1,Hard Problems,231,Count Palindromic Subsequences,Medium,,https://leetcode.com/problems/count-palindromic-subsequences/,,https://takeuforward.org/plus/dsa/problems/count-palindromic-subsequences,https://takeuforward.org/plus/dsa/problems/count-palindromic-subsequences?tab=editorial,
